countrycode,country,year,nkilled
JPN,Japan,1970,0
ESP,Spain,1970,0
DEU,East Germany (GDR),1970,0
URY,Uruguay,1970,3
PHL,Philippines,1970,5
MEX,Mexico,1970,0
AUS,Australia,1970,0
USA,United States,1970,33
IRN,Iran,1970,0
PAK,Pakistan,1970,1
VEN,Venezuela,1970,0
PRY,Paraguay,1970,1
GBR,United Kingdom,1970,20
IRL,Ireland,1970,1
COL,Colombia,1970,0
ARG,Argentina,1970,4
BRA,Brazil,1970,2
NIC,Nicaragua,1970,0
ISR,Israel,1970,1
CAN,Canada,1970,1
NLD,Netherlands,1970,0
GRC,Greece,1970,2
LBN,Lebanon,1970,0
DEU,West Germany (FRG),1970,8
GTM,Guatemala,1970,2
TUR,Turkey,1970,0
JOR,Jordan,1970,1
EGY,Egypt,1970,0
ITA,Italy,1970,0
DOM,Dominican Republic,1970,1
BEL,Belgium,1970,0
CHE,Switzerland,1970,47
BOL,Bolivia,1971,0
IRL,Ireland,1971,1
ISR,Israel,1971,1
ARG,Argentina,1971,5
KHM,Cambodia,1971,2
BRA,Brazil,1971,0
JOR,Jordan,1971,0
DOM,Dominican Republic,1971,0
VEN,Venezuela,1971,0
TUR,Turkey,1971,1
ETH,Ethiopia,1971,0
LBN,Lebanon,1971,0
CRI,Costa Rica,1971,0
USA,United States,1971,20
DEU,West Germany (FRG),1971,0
AUS,Australia,1971,0
ITA,Italy,1971,0
URY,Uruguay,1971,1
YEM,South Yemen,1971,0
EGY,Egypt,1971,1
DEU,East Germany (GDR),1971,0
SWE,Sweden,1971,1
ESP,Spain,1971,0
IRN,Iran,1971,4
NLD,Netherlands,1971,0
GBR,United Kingdom,1971,110
CHE,Switzerland,1971,0
GRC,Greece,1971,0
PHL,Philippines,1971,0
VEN,Venezuela,1972,0
EGY,Egypt,1972,0
LBN,Lebanon,1972,0
ISR,Israel,1972,26
CAN,Canada,1972,1
COL,Colombia,1972,1
AUT,Austria,1972,4
IRN,Iran,1972,1
AUS,Australia,1972,1
IRL,Ireland,1972,6
SLV,El Salvador,1972,0
PSE,West Bank and Gaza Strip,1972,1
GBR,United Kingdom,1972,368
URY,Uruguay,1972,0
USA,United States,1972,10
PHL,Philippines,1972,2
MEX,Mexico,1972,0
ESP,Spain,1972,2
DEU,West Germany (FRG),1972,23
ARG,Argentina,1972,5
TUR,Turkey,1972,3
GRC,Greece,1972,0
BEL,Belgium,1972,0
BRA,Brazil,1972,0
KHM,Cambodia,1972,1
SWE,Sweden,1972,0
THA,Thailand,1972,0
DZA,Algeria,1972,0
VNM,South Vietnam,1972,81
PAN,Panama,1972,0
JOR,Jordan,1972,2
FRA,France,1972,1
IND,India,1972,0
ITA,Italy,1972,1
NLD,Netherlands,1972,0
IRN,Iran,1973,1
USA,United States,1973,45
BEL,Belgium,1973,0
MEX,Mexico,1973,1
JOR,Jordan,1973,0
SDN,Sudan,1973,3
MAR,Morocco,1973,0
CYP,Cyprus,1973,1
SLV,El Salvador,1973,0
DOM,Dominican Republic,1973,0
DEU,West Germany (FRG),1973,1
ESP,Spain,1973,6
GRC,Greece,1973,5
CHL,Chile,1973,0
AUT,Austria,1973,0
ZMB,Zambia,1973,2
ITA,Italy,1973,62
ISR,Israel,1973,2
JPN,Japan,1973,0
LBN,Lebanon,1973,4
CHE,Switzerland,1973,0
PER,Peru,1973,0
ECU,Ecuador,1973,0
ETH,Ethiopia,1973,0
AFG,Afghanistan,1973,0
MYS,Malaysia,1973,0
NLD,Netherlands,1973,1
GBR,United Kingdom,1973,210
IRL,Ireland,1973,4
BRA,Brazil,1973,0
NZL,New Zealand,1973,0
COL,Colombia,1973,0
MNE,Yugoslavia,1973,1
VEN,Venezuela,1973,0
COD,Zaire,1973,0
ARG,Argentina,1973,14
FRA,France,1973,5
HTI,Haiti,1973,0
PRT,Portugal,1973,0
HND,Honduras,1973,0
LBN,Lebanon,1974,0
ESP,Spain,1974,19
IRL,Ireland,1974,34
CHE,Switzerland,1974,0
MNE,Yugoslavia,1974,0
GTM,Guatemala,1974,0
KWT,Kuwait,1974,0
KOR,South Korea,1974,1
AUT,Austria,1974,0
NLD,Netherlands,1974,0
DEU,East Germany (GDR),1974,1
TUR,Turkey,1974,0
ITA,Italy,1974,26
FRA,France,1974,3
CAN,Canada,1974,0
ARG,Argentina,1974,21
ETH,Ethiopia,1974,2
ISR,Israel,1974,78
PER,Peru,1974,0
DEU,West Germany (FRG),1974,1
GRC,Greece,1974,92
SLV,El Salvador,1974,0
SGP,Singapore,1974,0
YEM,North Yemen,1974,0
TCD,Chad,1974,0
MEX,Mexico,1974,2
JPN,Japan,1974,0
HTI,Haiti,1974,0
USA,United States,1974,16
BEL,Belgium,1974,0
BWA,Botswana,1974,1
PAK,Pakistan,1974,0
JAM,Jamaica,1974,0
GBR,United Kingdom,1974,234
AUS,Australia,1974,0
NIC,Nicaragua,1974,0
IRN,Iran,1974,1
PHL,Philippines,1974,3
DOM,Dominican Republic,1974,0
THA,Thailand,1974,2
ARE,United Arab Emirates,1974,1
VEN,Venezuela,1974,0
BOL,Bolivia,1974,0
ZAF,South Africa,1974,0
SYR,Syria,1974,1
ECU,Ecuador,1974,0
MYS,Malaysia,1975,0
FRA,France,1975,3
NAM,Namibia,1975,1
JPN,Japan,1975,0
TUR,Turkey,1975,0
ITA,Italy,1975,0
PRT,Portugal,1975,0
SYR,Syria,1975,0
SWE,Sweden,1975,3
IND,India,1975,4
NIC,Nicaragua,1975,11
KEN,Kenya,1975,27
GRC,Greece,1975,1
DEU,West Germany (FRG),1975,1
NLD,Netherlands,1975,3
LKA,Sri Lanka,1975,1
CHE,Switzerland,1975,0
ETH,Ethiopia,1975,0
MEX,Mexico,1975,32
PHL,Philippines,1975,1
USA,United States,1975,24
GBR,United Kingdom,1975,245
PAK,Pakistan,1975,1
IRN,Iran,1975,8
VEN,Venezuela,1975,0
COL,Colombia,1975,7
PER,Peru,1975,0
CYP,Cyprus,1975,0
IRL,Ireland,1975,7
ESP,Spain,1975,30
AUT,Austria,1975,4
IRQ,Iraq,1975,0
LBN,Lebanon,1975,28
ISR,Israel,1975,24
ARG,Argentina,1975,123
GTM,Guatemala,1975,23
SLV,El Salvador,1975,2
SOM,Somalia,1975,0
ZMB,Zambia,1975,1
KWT,Kuwait,1975,0
KWT,Kuwait,1976,0
MMR,Myanmar,1976,0
PAN,Panama,1976,0
DZA,Algeria,1976,0
JPN,Japan,1976,2
SYR,Syria,1976,5
PHL,Philippines,1976,21
PSE,West Bank and Gaza Strip,1976,2
MEX,Mexico,1976,26
COL,Colombia,1976,10
SLV,El Salvador,1976,3
NAM,Namibia,1976,3
CRI,Costa Rica,1976,0
CHE,Switzerland,1976,0
PRY,Paraguay,1976,1
BRA,Brazil,1976,0
BHS,Bahamas,1976,0
LBN,Lebanon,1976,4
PAK,Pakistan,1976,1
CHL,Chile,1976,0
BOL,Bolivia,1976,0
KEN,Kenya,1976,0
DEU,West Germany (FRG),1976,4
NLD,Netherlands,1976,0
PRT,Portugal,1976,3
BRB,Barbados,1976,73
JOR,Jordan,1976,9
GBR,United Kingdom,1976,264
IRN,Iran,1976,4
GTM,Guatemala,1976,8
GRC,Greece,1976,14
ZAF,South Africa,1976,2
FRA,France,1976,7
ECU,Ecuador,1976,1
USA,United States,1976,4
TTO,Trinidad and Tobago,1976,0
ETH,Ethiopia,1976,0
ESP,Spain,1976,17
IND,India,1976,0
BEL,Belgium,1976,0
AUT,Austria,1976,0
TUR,Turkey,1976,7
TWN,Taiwan,1976,0
JAM,Jamaica,1976,0
ARG,Argentina,1976,122
ISR,Israel,1976,1
VEN,Venezuela,1976,0
IRL,Ireland,1976,5
IRQ,Iraq,1976,12
ITA,Italy,1976,10
IDN,Indonesia,1977,1
LBN,Lebanon,1977,3
DEU,East Germany (GDR),1977,0
ZMB,Zambia,1977,1
ESP,Spain,1977,44
CYP,Cyprus,1977,0
ISR,Israel,1977,5
GTM,Guatemala,1977,5
MRT,Mauritania,1977,4
NIC,Nicaragua,1977,26
SLV,El Salvador,1977,4
AUT,Austria,1977,1
BRA,Brazil,1977,0
COG,People's Republic of the Congo,1977,0
MNE,Yugoslavia,1977,1
ARG,Argentina,1977,7
MYS,Malaysia,1977,100
BOL,Bolivia,1977,0
IRL,Ireland,1977,2
IND,India,1977,0
VEN,Venezuela,1977,1
COL,Colombia,1977,27
PRT,Portugal,1977,0
ETH,Ethiopia,1977,5
CHE,Switzerland,1977,0
MEX,Mexico,1977,11
ARE,United Arab Emirates,1977,1
USA,United States,1977,4
CRI,Costa Rica,1977,0
FRA,France,1977,3
IRN,Iran,1977,2
ZAF,South Africa,1977,5
COD,Zaire,1977,1
BGD,Bangladesh,1977,0
DEU,West Germany (FRG),1977,6
SYR,Syria,1977,1
GRC,Greece,1977,0
AGO,Angola,1977,0
JPN,Japan,1977,0
NLD,Netherlands,1977,9
TUR,Turkey,1977,29
BEL,Belgium,1977,0
PER,Peru,1977,0
GBR,United Kingdom,1977,103
ITA,Italy,1977,25
ECU,Ecuador,1977,1
CHL,Chile,1977,0
EGY,Egypt,1977,1
PHL,Philippines,1977,0
THA,Thailand,1977,1
DJI,Djibouti,1977,1
MEX,Mexico,1978,7
ARE,United Arab Emirates,1978,5
KWT,Kuwait,1978,1
DOM,Dominican Republic,1978,3
USA,United States,1978,8
AUS,Australia,1978,2
RUS,Soviet Union,1978,4
CRI,Costa Rica,1978,0
ECU,Ecuador,1978,2
PHL,Philippines,1978,80
GBR,United Kingdom,1978,81
PRT,Portugal,1978,0
JPN,Japan,1978,4
PSE,West Bank and Gaza Strip,1978,6
ETH,Ethiopia,1978,25
COL,Colombia,1978,58
THA,Thailand,1978,29
SYR,Syria,1978,0
IRL,Ireland,1978,1
BEL,Belgium,1978,1
BOL,Bolivia,1978,0
ARG,Argentina,1978,13
DZA,Algeria,1978,0
VEN,Venezuela,1978,1
CHL,Chile,1978,0
MOZ,Mozambique,1978,2
CHE,Switzerland,1978,0
AGO,Angola,1978,0
BRA,Brazil,1978,1
KEN,Kenya,1978,4
ISR,Israel,1978,52
TUR,Turkey,1978,40
YEM,North Yemen,1978,1
DEU,East Germany (GDR),1978,0
IDN,Indonesia,1978,0
AUT,Austria,1978,0
SLV,El Salvador,1978,30
DEU,West Germany (FRG),1978,0
NLD,Netherlands,1978,1
PER,Peru,1978,0
ZAF,South Africa,1978,2
NIC,Nicaragua,1978,92
ESP,Spain,1978,83
LBN,Lebanon,1978,107
ZWE,Rhodesia,1978,66
GUY,Guyana,1978,5
NAM,Namibia,1978,2
ITA,Italy,1978,26
GRC,Greece,1978,0
KHM,Cambodia,1978,1
FRA,France,1978,21
GTM,Guatemala,1978,35
PAK,Pakistan,1978,5
IRN,Iran,1978,447
CYP,Cyprus,1978,16
MAR,Morocco,1978,10
GTM,Guatemala,1979,53
POL,Poland,1979,0
IND,India,1979,30
BRA,Brazil,1979,4
GUY,Guyana,1979,1
HND,Honduras,1979,1
ZAF,South Africa,1979,8
GAB,Gabon,1979,2
AGO,Angola,1979,19
ARE,United Arab Emirates,1979,0
FRA,France,1979,11
NAM,Namibia,1979,27
GBR,United Kingdom,1979,133
NIC,Nicaragua,1979,169
PAK,Pakistan,1979,6
NOR,Norway,1979,0
PHL,Philippines,1979,97
NLD,Netherlands,1979,3
MYS,Malaysia,1979,5
PRT,Portugal,1979,3
PAN,Panama,1979,1
MOZ,Mozambique,1979,34
VEN,Venezuela,1979,0
ZWE,Rhodesia,1979,68
UGA,Uganda,1979,13
TZA,Tanzania,1979,1
ISR,Israel,1979,59
GRC,Greece,1979,1
EGY,Egypt,1979,1
TUR,Turkey,1979,122
TUN,Tunisia,1979,0
DEU,West Germany (FRG),1979,0
TTO,Trinidad and Tobago,1979,0
AUT,Austria,1979,0
SWE,Sweden,1979,1
DNK,Denmark,1979,0
ECU,Ecuador,1979,0
BGD,Bangladesh,1979,0
THA,Thailand,1979,54
DOM,Dominican Republic,1979,1
JPN,Japan,1979,2
SYR,Syria,1979,80
BEL,Belgium,1979,1
DZA,Algeria,1979,0
JAM,Jamaica,1979,4
AFG,Afghanistan,1979,53
ITA,Italy,1979,24
SLV,El Salvador,1979,228
IRQ,Iraq,1979,1
LBN,Lebanon,1979,30
ARG,Argentina,1979,11
BOL,Bolivia,1979,0
IRL,Ireland,1979,8
CHE,Switzerland,1979,1
COL,Colombia,1979,153
ETH,Ethiopia,1979,0
PSE,West Bank and Gaza Strip,1979,2
MMR,Myanmar,1979,70
MEX,Mexico,1979,5
USA,United States,1979,18
BHR,Bahrain,1979,0
CHL,Chile,1979,6
CRI,Costa Rica,1979,3
AUS,Australia,1979,0
ESP,Spain,1979,112
LBY,Libya,1979,0
LKA,Sri Lanka,1979,2
ZMB,Zambia,1979,0
CYP,Cyprus,1979,2
SAU,Saudi Arabia,1979,5
PER,Peru,1979,5
IRN,Iran,1979,56
LSO,Lesotho,1979,0
MAR,Morocco,1979,0
GRC,Greece,1980,5
GTM,Guatemala,1980,509
CHE,Switzerland,1980,0
PAK,Pakistan,1980,17
GRD,Grenada,1980,8
GLP,Guadeloupe,1980,1
COL,Colombia,1980,71
GUY,Guyana,1980,1
JAM,Jamaica,1980,11
DOM,Dominican Republic,1980,1
ECU,Ecuador,1980,2
DNK,Denmark,1980,0
KEN,Kenya,1980,15
ITA,Italy,1980,125
DEU,West Germany (FRG),1980,17
EGY,Egypt,1980,1
ISR,Israel,1980,12
KWT,Kuwait,1980,0
IRQ,Iraq,1980,8
LBN,Lebanon,1980,90
LBY,Libya,1980,0
ESP,Spain,1980,110
CHL,Chile,1980,6
CYP,Cyprus,1980,3
CRI,Costa Rica,1980,0
MEX,Mexico,1980,3
JOR,Jordan,1980,1
IRL,Ireland,1980,12
MNE,Yugoslavia,1980,0
IND,India,1980,16
NAM,Namibia,1980,2
NGA,Nigeria,1980,0
FRA,France,1980,20
NIC,Nicaragua,1980,30
HND,Honduras,1980,6
NLD,Netherlands,1980,0
HKG,Hong Kong,1980,0
GBR,United Kingdom,1980,115
IRN,Iran,1980,55
PAN,Panama,1980,0
GIN,Guinea,1980,1
AUT,Austria,1980,0
SOM,Somalia,1980,1
USA,United States,1980,15
ZWE,Rhodesia,1980,24
TUN,Tunisia,1980,41
BOL,Bolivia,1980,11
SYR,Syria,1980,89
BLZ,Belize,1980,0
AUS,Australia,1980,2
PSE,West Bank and Gaza Strip,1980,31
VEN,Venezuela,1980,3
BGD,Bangladesh,1980,6
THA,Thailand,1980,64
BEL,Belgium,1980,1
ZAF,South Africa,1980,26
PHL,Philippines,1980,123
ARE,United Arab Emirates,1980,1
ARG,Argentina,1980,0
ZWE,Zimbabwe,1980,13
PRY,Paraguay,1980,3
VUT,New Hebrides,1980,0
SLV,El Salvador,1980,2305
BHR,Bahrain,1980,0
PRT,Portugal,1980,3
CAN,Canada,1980,0
TUR,Turkey,1980,109
BRA,Brazil,1980,19
PER,Peru,1980,2
SEN,Senegal,1980,0
IRQ,Iraq,1981,0
UGA,Uganda,1981,53
ARE,United Arab Emirates,1981,2
FRA,France,1981,8
NLD,Netherlands,1981,0
MEX,Mexico,1981,0
ISR,Israel,1981,3
BEL,Belgium,1981,6
ESP,Spain,1981,39
IDN,Indonesia,1981,4
AUT,Austria,1981,3
POL,Poland,1981,0
SYR,Syria,1981,191
VEN,Venezuela,1981,2
JOR,Jordan,1981,0
IRN,Iran,1981,214
PSE,West Bank and Gaza Strip,1981,6
AUS,Australia,1981,1
MNE,Yugoslavia,1981,0
TUR,Turkey,1981,11
EGY,Egypt,1981,67
BRA,Brazil,1981,2
USA,United States,1981,8
TTO,Trinidad and Tobago,1981,0
ITA,Italy,1981,24
BOL,Bolivia,1981,1
PRT,Portugal,1981,2
IRL,Ireland,1981,2
VAT,Vatican City,1981,0
COL,Colombia,1981,313
ARG,Argentina,1981,0
NIC,Nicaragua,1981,143
ECU,Ecuador,1981,2
MOZ,Mozambique,1981,0
IND,India,1981,24
THA,Thailand,1981,21
MTQ,Martinique,1981,0
JPN,Japan,1981,0
GUY,Guyana,1981,1
SDN,Sudan,1981,2
AGO,Angola,1981,3
DEU,West Germany (FRG),1981,2
SYC,Seychelles,1981,0
LSO,Lesotho,1981,0
BHS,Bahamas,1981,0
CYP,Cyprus,1981,0
GTM,Guatemala,1981,1356
DMA,Dominica,1981,3
SOM,Somalia,1981,0
KWT,Kuwait,1981,2
CHE,Switzerland,1981,2
ZWE,Zimbabwe,1981,13
PER,Peru,1981,10
LKA,Sri Lanka,1981,3
SLV,El Salvador,1981,1486
LBN,Lebanon,1981,226
GLP,Guadeloupe,1981,0
PAN,Panama,1981,1
GRC,Greece,1981,2
CAF,Central African Republic,1981,3
PAK,Pakistan,1981,4
NZL,New Zealand,1981,0
DNK,Denmark,1981,0
ALB,Albania,1981,0
ZAF,South Africa,1981,8
CRI,Costa Rica,1981,4
HKG,Hong Kong,1981,0
HND,Honduras,1981,7
NOR,Norway,1981,0
BGD,Bangladesh,1981,6
PHL,Philippines,1981,89
CHL,Chile,1981,19
GBR,United Kingdom,1981,86
TUR,Turkey,1982,9
AUT,Austria,1982,0
DEU,East Germany (GDR),1982,0
LKA,Sri Lanka,1982,5
LBN,Lebanon,1982,231
QAT,Qatar,1982,1
MOZ,Mozambique,1982,0
DOM,Dominican Republic,1982,5
SLV,El Salvador,1982,1491
IRQ,Iraq,1982,96
JPN,Japan,1982,0
MEX,Mexico,1982,1
ISR,Israel,1982,3
JOR,Jordan,1982,0
EGY,Egypt,1982,0
MMR,Myanmar,1982,3
KWT,Kuwait,1982,0
THA,Thailand,1982,1
KOR,South Korea,1982,1
ECU,Ecuador,1982,1
COL,Colombia,1982,338
BGD,Bangladesh,1982,0
DEU,West Germany (FRG),1982,5
SWZ,Swaziland,1982,0
COG,People's Republic of the Congo,1982,15
PSE,West Bank and Gaza Strip,1982,7
SDN,Sudan,1982,0
BOL,Bolivia,1982,0
ITA,Italy,1982,12
SUR,Suriname,1982,0
CYP,Cyprus,1982,0
BGR,Bulgaria,1982,2
BEL,Belgium,1982,0
CRI,Costa Rica,1982,4
SYR,Syria,1982,96
NAM,Namibia,1982,0
BRA,Brazil,1982,27
IRN,Iran,1982,135
ARG,Argentina,1982,1
NIC,Nicaragua,1982,195
GTM,Guatemala,1982,1520
ZAF,South Africa,1982,9
HND,Honduras,1982,24
PAK,Pakistan,1982,3
PHL,Philippines,1982,93
GRC,Greece,1982,2
CHE,Switzerland,1982,0
AUS,Australia,1982,0
IRL,Ireland,1982,2
ESP,Spain,1982,42
IND,India,1982,64
VEN,Venezuela,1982,30
CHL,Chile,1982,2
PER,Peru,1982,239
CAN,Canada,1982,1
FRA,France,1982,17
GBR,United Kingdom,1982,95
ZWE,Zimbabwe,1982,21
AGO,Angola,1982,2
UGA,Uganda,1982,0
NLD,Netherlands,1982,0
PRT,Portugal,1982,3
USA,United States,1982,11
CHL,Chile,1983,15
CRI,Costa Rica,1983,0
UGA,Uganda,1983,121
JPN,Japan,1983,2
GBR,United Kingdom,1983,77
HND,Honduras,1983,75
HTI,Haiti,1983,5
FRA,France,1983,19
SYR,Syria,1983,1
PSE,West Bank and Gaza Strip,1983,9
ZAF,South Africa,1983,23
SWE,Sweden,1983,1
LSO,Lesotho,1983,30
DEU,West Germany (FRG),1983,2
PAN,Panama,1983,0
GLP,Guadeloupe,1983,0
ZWE,Zimbabwe,1983,11
CAN,Canada,1983,0
SLV,El Salvador,1983,1576
LKA,Sri Lanka,1983,6
PER,Peru,1983,1744
DEU,East Germany (GDR),1983,0
KWT,Kuwait,1983,1
CHE,Switzerland,1983,0
KOR,South Korea,1983,1
GRC,Greece,1983,4
CYP,Cyprus,1983,0
GRD,Grenada,1983,0
GTM,Guatemala,1983,528
SUR,Suriname,1983,0
SDN,Sudan,1983,0
PAK,Pakistan,1983,10
MEX,Mexico,1983,0
GUF,French Guiana,1983,1
LUX,Luxembourg,1983,0
AGO,Angola,1983,282
SOM,Somalia,1983,0
JOR,Jordan,1983,0
NLD,Netherlands,1983,0
USA,United States,1983,8
PRT,Portugal,1983,8
ARG,Argentina,1983,1
MYS,Malaysia,1983,0
ISR,Israel,1983,16
ETH,Ethiopia,1983,0
ESP,Spain,1983,40
ITA,Italy,1983,2
COL,Colombia,1983,427
NGA,Nigeria,1983,1
PHL,Philippines,1983,47
IRL,Ireland,1983,5
BOL,Bolivia,1983,0
TTO,Trinidad and Tobago,1983,0
TUR,Turkey,1983,2
MNE,Yugoslavia,1983,2
IRN,Iran,1983,0
BRA,Brazil,1983,0
ECU,Ecuador,1983,0
MOZ,Mozambique,1983,5
NAM,Namibia,1983,4
VEN,Venezuela,1983,4
IND,India,1983,59
BEL,Belgium,1983,2
MMR,Myanmar,1983,21
IRQ,Iraq,1983,1
ARE,United Arab Emirates,1983,111
FLK,Falkland Islands,1983,0
NIC,Nicaragua,1983,1991
LBN,Lebanon,1983,597
MTQ,Martinique,1983,0
THA,Thailand,1983,0
ISL,Iceland,1983,0
GLP,Guadeloupe,1984,4
GRC,Greece,1984,5
ZWE,Zimbabwe,1984,3
TUR,Turkey,1984,27
SLV,El Salvador,1984,1032
ESH,Western Sahara,1984,0
AUT,Austria,1984,2
URY,Uruguay,1984,0
ISR,Israel,1984,4
KWT,Kuwait,1984,4
BGR,Bulgaria,1984,0
DEU,East Germany (GDR),1984,0
IRN,Iran,1984,29
IRQ,Iraq,1984,0
ESP,Spain,1984,49
UGA,Uganda,1984,235
JOR,Jordan,1984,1
SUR,Suriname,1984,0
TCD,Chad,1984,0
SYR,Syria,1984,0
VEN,Venezuela,1984,0
BEL,Belgium,1984,0
IDN,Indonesia,1984,2
FRA,France,1984,15
HND,Honduras,1984,5
IND,India,1984,190
JPN,Japan,1984,0
BFA,Burkina Faso,1984,1
SWZ,Swaziland,1984,1
SOM,Somalia,1984,0
THA,Thailand,1984,0
AGO,Angola,1984,172
ARG,Argentina,1984,1
BGD,Bangladesh,1984,1
ETH,Ethiopia,1984,200
ECU,Ecuador,1984,1
ITA,Italy,1984,23
GBR,United Kingdom,1984,69
DEU,West Germany (FRG),1984,0
USA,United States,1984,3
IRL,Ireland,1984,1
GTM,Guatemala,1984,169
ZAF,South Africa,1984,21
LBN,Lebanon,1984,58
PAN,Panama,1984,0
ROU,Romania,1984,1
PSE,West Bank and Gaza Strip,1984,5
COD,Zaire,1984,2
MOZ,Mozambique,1984,50
CHL,Chile,1984,37
MTQ,Martinique,1984,0
SAU,Saudi Arabia,1984,0
CRI,Costa Rica,1984,0
PRT,Portugal,1984,3
CYP,Cyprus,1984,6
NLD,Netherlands,1984,0
PHL,Philippines,1984,161
NAM,Namibia,1984,24
NCL,New Caledonia,1984,11
SDN,Sudan,1984,305
BRA,Brazil,1984,0
MEX,Mexico,1984,13
PAK,Pakistan,1984,12
NIC,Nicaragua,1984,2478
CHE,Switzerland,1984,0
MNE,Yugoslavia,1984,2
PER,Peru,1984,2070
MLT,Malta,1984,0
BOL,Bolivia,1984,1
LKA,Sri Lanka,1984,439
PRY,Paraguay,1984,1
LBY,Libya,1984,15
COL,Colombia,1984,461
IRN,Iran,1985,22
MLT,Malta,1985,0
DNK,Denmark,1985,1
NAM,Namibia,1985,74
NCL,New Caledonia,1985,0
TGO,Togo,1985,1
BGD,Bangladesh,1985,0
IRL,Ireland,1985,2
NER,Niger,1985,3
USA,United States,1985,3
COL,Colombia,1985,866
BRA,Brazil,1985,0
MAR,Morocco,1985,0
SAU,Saudi Arabia,1985,1
URY,Uruguay,1985,0
MEX,Mexico,1985,0
ECU,Ecuador,1985,4
EGY,Egypt,1985,2
SYR,Syria,1985,30
BOL,Bolivia,1985,0
PSE,West Bank and Gaza Strip,1985,0
ISR,Israel,1985,12
PRY,Paraguay,1985,0
AUT,Austria,1985,4
ARG,Argentina,1985,2
ROU,Romania,1985,2
MOZ,Mozambique,1985,8
BEL,Belgium,1985,10
ITA,Italy,1985,19
CRI,Costa Rica,1985,0
PRT,Portugal,1985,1
UGA,Uganda,1985,1
JPN,Japan,1985,2
TUR,Turkey,1985,1
ESP,Spain,1985,67
LBN,Lebanon,1985,626
ETH,Ethiopia,1985,0
DEU,West Germany (FRG),1985,9
HND,Honduras,1985,7
NPL,Nepal,1985,6
BWA,Botswana,1985,0
CHL,Chile,1985,30
ZAF,South Africa,1985,81
AGO,Angola,1985,5
GBR,United Kingdom,1985,64
PER,Peru,1985,593
SLV,El Salvador,1985,896
CYP,Cyprus,1985,3
GTM,Guatemala,1985,124
DEU,East Germany (GDR),1985,0
ZMB,Zambia,1985,0
LKA,Sri Lanka,1985,511
GRC,Greece,1985,64
CHE,Switzerland,1985,0
SGP,Singapore,1985,0
CAN,Canada,1985,331
ZWE,Zimbabwe,1985,5
GLP,Guadeloupe,1985,2
PAK,Pakistan,1985,0
FRA,France,1985,17
KWT,Kuwait,1985,11
THA,Thailand,1985,0
IDN,Indonesia,1985,7
NLD,Netherlands,1985,0
LUX,Luxembourg,1985,0
PHL,Philippines,1985,278
VEN,Venezuela,1985,0
ARE,United Arab Emirates,1985,0
IND,India,1985,50
NIC,Nicaragua,1985,1031
CAN,Canada,1986,0
NCL,New Caledonia,1986,0
GTM,Guatemala,1986,54
EGY,Egypt,1986,12
ARE,United Arab Emirates,1986,0
FIN,Finland,1986,0
TUR,Turkey,1986,26
USA,United States,1986,1
COL,Colombia,1986,748
PAK,Pakistan,1986,56
BOL,Bolivia,1986,1
NIC,Nicaragua,1986,296
THA,Thailand,1986,0
GRC,Greece,1986,6
ETH,Ethiopia,1986,40
GLP,Guadeloupe,1986,0
ARG,Argentina,1986,2
ECU,Ecuador,1986,13
BRA,Brazil,1986,14
TUN,Tunisia,1986,0
ZMB,Zambia,1986,2
IRN,Iran,1986,39
GBR,United Kingdom,1986,63
URY,Uruguay,1986,0
NLD,Netherlands,1986,0
VEN,Venezuela,1986,13
ESP,Spain,1986,57
FRA,France,1986,25
MYS,Malaysia,1986,20
UGA,Uganda,1986,1
HND,Honduras,1986,10
NAM,Namibia,1986,5
AUS,Australia,1986,1
CHL,Chile,1986,22
PHL,Philippines,1986,174
LBN,Lebanon,1986,239
IND,India,1986,338
PRT,Portugal,1986,1
MOZ,Mozambique,1986,470
ISL,Iceland,1986,0
ZAF,South Africa,1986,140
AGO,Angola,1986,119
IDN,Indonesia,1986,0
AUT,Austria,1986,0
CAF,Central African Republic,1986,0
IRL,Ireland,1986,0
PER,Peru,1986,468
ISR,Israel,1986,35
BGD,Bangladesh,1986,54
BEL,Belgium,1986,0
KOR,South Korea,1986,5
JPN,Japan,1986,3
LKA,Sri Lanka,1986,638
CRI,Costa Rica,1986,0
SDN,Sudan,1986,8
SUR,Suriname,1986,2
SLV,El Salvador,1986,280
SWZ,Swaziland,1986,0
SYR,Syria,1986,8
DNK,Denmark,1986,0
PAN,Panama,1986,0
DEU,East Germany (GDR),1986,1
DEU,West Germany (FRG),1986,9
MEX,Mexico,1986,0
PSE,West Bank and Gaza Strip,1986,4
SAU,Saudi Arabia,1986,62
JAM,Jamaica,1986,3
ITA,Italy,1986,1
MLT,Malta,1986,1
SWE,Sweden,1986,1
CYP,Cyprus,1986,1
NLD,Netherlands,1987,0
FRA,France,1987,5
UGA,Uganda,1987,1
CRI,Costa Rica,1987,0
AUT,Austria,1987,0
CYP,Cyprus,1987,1
DOM,Dominican Republic,1987,7
HND,Honduras,1987,21
HTI,Haiti,1987,4
IRQ,Iraq,1987,0
MTQ,Martinique,1987,0
MOZ,Mozambique,1987,468
BWA,Botswana,1987,3
MLT,Malta,1987,0
SDN,Sudan,1987,0
SOM,Somalia,1987,0
MAR,Morocco,1987,200
ETH,Ethiopia,1987,0
DJI,Djibouti,1987,10
IRL,Ireland,1987,6
ARG,Argentina,1987,3
BRA,Brazil,1987,0
DEU,West Germany (FRG),1987,2
IND,India,1987,491
NAM,Namibia,1987,2
BGD,Bangladesh,1987,26
NIC,Nicaragua,1987,458
DNK,Denmark,1987,0
IRN,Iran,1987,0
SUR,Suriname,1987,6
FJI,Fiji,1987,0
PHL,Philippines,1987,309
CHL,Chile,1987,9
ESP,Spain,1987,62
VEN,Venezuela,1987,3
JPN,Japan,1987,1
KWT,Kuwait,1987,1
NOR,Norway,1987,1
ZAF,South Africa,1987,111
ISR,Israel,1987,11
LKA,Sri Lanka,1987,1261
PAK,Pakistan,1987,183
BOL,Bolivia,1987,1
MEX,Mexico,1987,0
ZMB,Zambia,1987,0
GRC,Greece,1987,2
CHE,Switzerland,1987,1
SGP,Singapore,1987,0
BEL,Belgium,1987,1
ZWE,Zimbabwe,1987,35
ECU,Ecuador,1987,0
PRY,Paraguay,1987,0
GHA,Ghana,1987,0
LBN,Lebanon,1987,159
ITA,Italy,1987,3
COL,Colombia,1987,573
PAN,Panama,1987,1
MMR,Myanmar,1987,0
DEU,East Germany (GDR),1987,0
GTM,Guatemala,1987,206
TUN,Tunisia,1987,2
TUR,Turkey,1987,155
AGO,Angola,1987,5
GBR,United Kingdom,1987,104
EGY,Egypt,1987,1
PER,Peru,1987,688
PSE,West Bank and Gaza Strip,1987,3
USA,United States,1987,1
SLV,El Salvador,1987,405
ZAF,South Africa,1988,122
ZWE,Zimbabwe,1988,2
GLP,Guadeloupe,1988,0
BWA,Botswana,1988,1
IND,India,1988,844
LBN,Lebanon,1988,171
LKA,Sri Lanka,1988,817
USA,United States,1988,1
DEU,West Germany (FRG),1988,1
CYP,Cyprus,1988,6
SLV,El Salvador,1988,332
PAN,Panama,1988,0
DEU,East Germany (GDR),1988,0
ETH,Ethiopia,1988,0
CHL,Chile,1988,19
DJI,Djibouti,1988,0
AGO,Angola,1988,56
AFG,Afghanistan,1988,128
NGA,Nigeria,1988,4
ARG,Argentina,1988,1
KOR,South Korea,1988,0
FRA,France,1988,6
SDN,Sudan,1988,26
HTI,Haiti,1988,3
VEN,Venezuela,1988,40
PER,Peru,1988,719
SOM,Somalia,1988,0
NLD,Netherlands,1988,4
KWT,Kuwait,1988,2
YEM,North Yemen,1988,0
PHL,Philippines,1988,386
ZMB,Zambia,1988,4
PAK,Pakistan,1988,134
GRC,Greece,1988,14
HND,Honduras,1988,32
SEN,Senegal,1988,2
SUR,Suriname,1988,6
CHE,Switzerland,1988,0
NIC,Nicaragua,1988,171
GBR,United Kingdom,1988,372
GTM,Guatemala,1988,127
LSO,Lesotho,1988,4
SAU,Saudi Arabia,1988,0
BRA,Brazil,1988,0
MTQ,Martinique,1988,0
MEX,Mexico,1988,2
GIB,Gibraltar,1988,3
ISR,Israel,1988,7
JOR,Jordan,1988,0
DNK,Denmark,1988,0
MOZ,Mozambique,1988,145
BOL,Bolivia,1988,2
EGY,Egypt,1988,1
COD,Zaire,1988,28
CRI,Costa Rica,1988,0
PSE,West Bank and Gaza Strip,1988,10
ESP,Spain,1988,25
PRT,Portugal,1988,2
TUR,Turkey,1988,102
MYS,Malaysia,1988,9
JPN,Japan,1988,0
UGA,Uganda,1988,156
AUT,Austria,1988,0
DOM,Dominican Republic,1988,0
MUS,Mauritius,1988,0
IRQ,Iraq,1988,3
AUS,Australia,1988,0
NAM,Namibia,1988,21
IRN,Iran,1988,18
NCL,New Caledonia,1988,21
COL,Colombia,1988,994
BEL,Belgium,1988,1
ITA,Italy,1988,6
MMR,Myanmar,1988,46
ECU,Ecuador,1988,4
BGD,Bangladesh,1988,57
THA,Thailand,1988,2
LAO,Laos,1989,2
AFG,Afghanistan,1989,10
TUR,Turkey,1989,220
ITA,Italy,1989,0
AGO,Angola,1989,72
SWZ,Swaziland,1989,0
AUT,Austria,1989,3
TTO,Trinidad and Tobago,1989,0
ZWE,Zimbabwe,1989,21
PAN,Panama,1989,0
PSE,West Bank and Gaza Strip,1989,72
HKG,Hong Kong,1989,0
CHL,Chile,1989,19
CYP,Cyprus,1989,1
NLD,Netherlands,1989,0
IRQ,Iraq,1989,0
COL,Colombia,1989,699
LKA,Sri Lanka,1989,1776
PRT,Portugal,1989,1
ECU,Ecuador,1989,7
MEX,Mexico,1989,0
SDN,Sudan,1989,14
ZMB,Zambia,1989,33
ZAF,South Africa,1989,53
ISR,Israel,1989,26
PAK,Pakistan,1989,54
MNE,Yugoslavia,1989,0
DEU,East Germany (GDR),1989,0
GRC,Greece,1989,3
BEL,Belgium,1989,4
BWA,Botswana,1989,0
THA,Thailand,1989,35
BOL,Bolivia,1989,2
SYR,Syria,1989,0
MMR,Myanmar,1989,42
PER,Peru,1989,1357
GBR,United Kingdom,1989,66
EGY,Egypt,1989,1
CZE,Czechoslovakia,1989,0
LBN,Lebanon,1989,110
SLV,El Salvador,1989,339
GTM,Guatemala,1989,41
MOZ,Mozambique,1989,696
USA,United States,1989,3
DOM,Dominican Republic,1989,1
CHN,China,1989,20
ESP,Spain,1989,29
PHL,Philippines,1989,255
DEU,West Germany (FRG),1989,5
PNG,Papua New Guinea,1989,13
DNK,Denmark,1989,0
BGD,Bangladesh,1989,101
IDN,Indonesia,1989,85
FJI,Fiji,1989,0
IRN,Iran,1989,14
ARE,United Arab Emirates,1989,1
HND,Honduras,1989,9
SUR,Suriname,1989,14
NIC,Nicaragua,1989,38
CRI,Costa Rica,1989,1
URY,Uruguay,1989,1
BRA,Brazil,1989,1
SAU,Saudi Arabia,1989,1
AUS,Australia,1989,0
NAM,Namibia,1989,1
IND,India,1989,772
SOM,Somalia,1989,30
JPN,Japan,1989,2
IRL,Ireland,1989,3
MYS,Malaysia,1989,0
SWE,Sweden,1989,0
VEN,Venezuela,1989,14
FRA,France,1989,3
ETH,Ethiopia,1989,1
NCL,New Caledonia,1989,2
UGA,Uganda,1989,72
KEN,Kenya,1989,4
HUN,Hungary,1989,0
ARG,Argentina,1989,26
NER,Niger,1989,171
MUS,Mauritius,1989,0
KHM,Cambodia,1989,11
KOR,South Korea,1989,0
RUS,Soviet Union,1989,6
HTI,Haiti,1989,0
THA,Thailand,1990,21
USA,United States,1990,5
ITA,Italy,1990,0
MMR,Myanmar,1990,71
PAK,Pakistan,1990,188
MLI,Mali,1990,14
NAM,Namibia,1990,0
PAN,Panama,1990,2
SWE,Sweden,1990,1
ZWE,Zimbabwe,1990,9
SUR,Suriname,1990,0
MEX,Mexico,1990,3
LBR,Liberia,1990,2
IRL,Ireland,1990,0
GRC,Greece,1990,2
SEN,Senegal,1990,6
LBN,Lebanon,1990,113
SDN,Sudan,1990,0
POL,Poland,1990,1
HND,Honduras,1990,3
ZMB,Zambia,1990,5
MOZ,Mozambique,1990,173
RUS,Soviet Union,1990,55
NLD,Netherlands,1990,2
KHM,Cambodia,1990,0
HTI,Haiti,1990,13
PSE,West Bank and Gaza Strip,1990,61
HKG,Hong Kong,1990,0
VEN,Venezuela,1990,0
LKA,Sri Lanka,1990,1394
GUY,Guyana,1990,0
UGA,Uganda,1990,68
KOR,South Korea,1990,0
TWN,Taiwan,1990,0
TUR,Turkey,1990,408
MYS,Malaysia,1990,0
LAO,Laos,1990,0
JPN,Japan,1990,2
SOM,Somalia,1990,3
SLV,El Salvador,1990,288
PER,Peru,1990,1008
PHL,Philippines,1990,291
IRN,Iran,1990,10
GTM,Guatemala,1990,63
IDN,Indonesia,1990,12
PNG,Papua New Guinea,1990,11
MNE,Yugoslavia,1990,0
ISR,Israel,1990,52
ZAF,South Africa,1990,139
IND,India,1990,873
URY,Uruguay,1990,0
NIC,Nicaragua,1990,23
JOR,Jordan,1990,0
BWA,Botswana,1990,6
AFG,Afghanistan,1990,12
AGO,Angola,1990,147
AUT,Austria,1990,0
COL,Colombia,1990,670
CRI,Costa Rica,1990,0
CZE,Czechoslovakia,1990,0
ARG,Argentina,1990,1
COG,Republic of the Congo,1990,0
DEU,East Germany (GDR),1990,0
EGY,Egypt,1990,21
BEL,Belgium,1990,2
BGD,Bangladesh,1990,58
BRA,Brazil,1990,3
ETH,Ethiopia,1990,17
BOL,Bolivia,1990,1
ESP,Spain,1990,32
GBR,United Kingdom,1990,76
FRA,France,1990,3
DEU,West Germany (FRG),1990,1
DJI,Djibouti,1990,1
DEU,Germany,1990,0
ALB,Albania,1990,0
ECU,Ecuador,1990,3
CHE,Switzerland,1990,1
DOM,Dominican Republic,1990,3
BGR,Bulgaria,1990,0
CHL,Chile,1990,8
CYP,Cyprus,1990,0
DZA,Algeria,1990,3
CHN,China,1990,2
NAM,Namibia,1991,3
IDN,Indonesia,1991,21
CHL,Chile,1991,16
BRA,Brazil,1991,12
EGY,Egypt,1991,8
NER,Niger,1991,8
HKG,Hong Kong,1991,0
JOR,Jordan,1991,1
IND,India,1991,1055
VEN,Venezuela,1991,47
TUN,Tunisia,1991,4
BOL,Bolivia,1991,7
NZL,New Zealand,1991,0
ECU,Ecuador,1991,0
DJI,Djibouti,1991,8
NPL,Nepal,1991,0
NOR,Norway,1991,0
LBR,Liberia,1991,0
MYS,Malaysia,1991,0
BDI,Burundi,1991,117
KOR,South Korea,1991,0
GBR,United Kingdom,1991,88
FJI,Fiji,1991,0
KWT,Kuwait,1991,1
CMR,Cameroon,1991,19
HUN,Hungary,1991,0
IRQ,Iraq,1991,1
MAR,Morocco,1991,3
DEU,Germany,1991,10
BEL,Belgium,1991,1
CUB,Cuba,1991,0
CHN,China,1991,0
THA,Thailand,1991,11
HTI,Haiti,1991,137
PAN,Panama,1991,2
LKA,Sri Lanka,1991,1020
NIC,Nicaragua,1991,49
ISR,Israel,1991,29
ZAF,South Africa,1991,376
AGO,Angola,1991,69
NLD,Netherlands,1991,0
TGO,Togo,1991,13
HRV,Croatia,1991,237
PER,Peru,1991,1193
CYP,Cyprus,1991,0
UKR,Ukraine,1991,0
URY,Uruguay,1991,0
TTO,Trinidad and Tobago,1991,0
CAF,Central African Republic,1991,2
PSE,West Bank and Gaza Strip,1991,43
LTU,Lithuania,1991,0
HND,Honduras,1991,18
PAK,Pakistan,1991,174
CZE,Czechoslovakia,1991,1
NGA,Nigeria,1991,10
PHL,Philippines,1991,278
CHE,Switzerland,1991,0
TCD,Chad,1991,40
PNG,Papua New Guinea,1991,3
AUS,Australia,1991,0
LBN,Lebanon,1991,98
BLZ,Belize,1991,0
GTM,Guatemala,1991,67
SUR,Suriname,1991,1
JPN,Japan,1991,1
SEN,Senegal,1991,2
COL,Colombia,1991,713
MMR,Myanmar,1991,86
GEO,Georgia,1991,2
GRC,Greece,1991,15
CRI,Costa Rica,1991,0
AZE,Azerbaijan,1991,26
ARG,Argentina,1991,1
SDN,Sudan,1991,32
DNK,Denmark,1991,0
MNE,Yugoslavia,1991,6
KEN,Kenya,1991,0
IRL,Ireland,1991,3
JAM,Jamaica,1991,0
SAU,Saudi Arabia,1991,0
AUT,Austria,1991,0
AFG,Afghanistan,1991,64
MLI,Mali,1991,40
SOM,Somalia,1991,6
IRN,Iran,1991,2
SLV,El Salvador,1991,388
TWN,Taiwan,1991,7
BGR,Bulgaria,1991,0
GLP,Guadeloupe,1991,1
DZA,Algeria,1991,42
MEX,Mexico,1991,13
BHR,Bahrain,1991,1
DOM,Dominican Republic,1991,1
ALB,Albania,1991,0
SLE,Sierra Leone,1991,123
YEM,Yemen,1991,1
ZWE,Zimbabwe,1991,0
SGP,Singapore,1991,4
USA,United States,1991,2
UGA,Uganda,1991,2
FRA,France,1991,6
BFA,Burkina Faso,1991,1
ITA,Italy,1991,0
SWZ,Swaziland,1991,0
RUS,Soviet Union,1991,25
MOZ,Mozambique,1991,232
KHM,Cambodia,1991,16
RWA,Rwanda,1991,0
ETH,Ethiopia,1991,161
ROU,Romania,1991,1
ESP,Spain,1991,46
COD,Zaire,1991,3
MDA,Moldova,1991,0
MDG,Madagascar,1991,4
TUR,Turkey,1991,266
SWE,Sweden,1991,1
BGD,Bangladesh,1991,41
ARM,Armenia,1991,0
TWN,Taiwan,1992,16
CMR,Cameroon,1992,6
CRI,Costa Rica,1992,0
ESP,Spain,1992,29
MYS,Malaysia,1992,0
ALB,Albania,1992,1
MTQ,Martinique,1992,0
TJK,Tajikistan,1992,14
MLT,Malta,1992,1
NLD,Netherlands,1992,0
FJI,Fiji,1992,1
IRN,Iran,1992,9
MLI,Mali,1992,5
MOZ,Mozambique,1992,132
MWI,Malawi,1992,32
MAR,Morocco,1992,2
MEX,Mexico,1992,6
CYP,Cyprus,1992,0
AZE,Azerbaijan,1992,122
ZAF,South Africa,1992,692
IDN,Indonesia,1992,33
VNM,Vietnam,1992,0
ESH,Western Sahara,1992,0
BDI,Burundi,1992,61
YEM,Yemen,1992,21
EST,Estonia,1992,0
MDG,Madagascar,1992,16
IRL,Ireland,1992,0
UGA,Uganda,1992,2
MNE,Yugoslavia,1992,3
IND,India,1992,1076
CUB,Cuba,1992,3
CIV,Ivory Coast,1992,1
NER,Niger,1992,34
NGA,Nigeria,1992,135
LTU,Lithuania,1992,0
NCL,New Caledonia,1992,0
COD,Zaire,1992,10
FIN,Finland,1992,0
TTO,Trinidad and Tobago,1992,0
MMR,Myanmar,1992,56
IRQ,Iraq,1992,51
COL,Colombia,1992,580
GIN,Guinea,1992,0
UKR,Ukraine,1992,1
COM,Comoros,1992,1
AGO,Angola,1992,97
ETH,Ethiopia,1992,203
MDA,Moldova,1992,10
LVA,Latvia,1992,0
NIC,Nicaragua,1992,21
LKA,Sri Lanka,1992,973
CHN,China,1992,9
TUR,Turkey,1992,961
AUT,Austria,1992,0
NOR,Norway,1992,0
ARM,Armenia,1992,2
RWA,Rwanda,1992,141
ITA,Italy,1992,17
RUS,Russia,1992,34
ARE,United Arab Emirates,1992,0
ROU,Romania,1992,0
DJI,Djibouti,1992,228
SWZ,Swaziland,1992,0
KHM,Cambodia,1992,58
PSE,West Bank and Gaza Strip,1992,93
SWE,Sweden,1992,2
GTM,Guatemala,1992,19
BEN,Benin,1992,0
PRY,Paraguay,1992,0
BLZ,Belize,1992,1
BEL,Belgium,1992,1
GBR,United Kingdom,1992,94
GUY,Guyana,1992,0
PRT,Portugal,1992,0
BOL,Bolivia,1992,4
KWT,Kuwait,1992,2
BRA,Brazil,1992,28
ECU,Ecuador,1992,2
AFG,Afghanistan,1992,49
USA,United States,1992,2
BGD,Bangladesh,1992,74
JOR,Jordan,1992,1
SOM,Somalia,1992,8
UZB,Uzbekistan,1992,0
SLV,El Salvador,1992,22
DZA,Algeria,1992,227
GHA,Ghana,1992,0
BGR,Bulgaria,1992,0
DOM,Dominican Republic,1992,1
SLE,Sierra Leone,1992,21
ZWE,Zimbabwe,1992,0
SGP,Singapore,1992,0
JAM,Jamaica,1992,5
JPN,Japan,1992,0
SEN,Senegal,1992,59
SUR,Suriname,1992,0
KAZ,Kazakhstan,1992,9
DNK,Denmark,1992,1
GEO,Georgia,1992,109
GRC,Greece,1992,2
ARG,Argentina,1992,32
SDN,Sudan,1992,4
BIH,Bosnia-Herzegovina,1992,55
KEN,Kenya,1992,66
VEN,Venezuela,1992,7
HKG,Hong Kong,1992,1
KOR,South Korea,1992,1
CAN,Canada,1992,0
FRA,France,1992,9
CAF,Central African Republic,1992,1
THA,Thailand,1992,39
URY,Uruguay,1992,0
CHL,Chile,1992,12
PER,Peru,1992,756
HRV,Croatia,1992,2
BRN,Brunei,1992,0
ATG,Antigua and Barbuda,1992,0
CHE,Switzerland,1992,6
PAK,Pakistan,1992,152
ISR,Israel,1992,34
AUS,Australia,1992,1
HTI,Haiti,1992,18
LBN,Lebanon,1992,65
EGY,Egypt,1992,45
TGO,Togo,1992,8
HND,Honduras,1992,5
PAN,Panama,1992,3
HUN,Hungary,1992,0
LAO,Laos,1992,1
NPL,Nepal,1992,9
POL,Poland,1992,4
LBY,Libya,1992,0
BRB,Barbados,1992,3
DEU,Germany,1992,17
PHL,Philippines,1992,341
TCD,Chad,1992,20
CZE,Czechoslovakia,1992,0
PNG,Papua New Guinea,1992,7
LBR,Liberia,1992,36
ARG,Argentina,1994,86
UKR,Ukraine,1994,4
JOR,Jordan,1994,0
JPN,Japan,1994,8
EGY,Egypt,1994,165
COM,Comoros,1994,0
LBR,Liberia,1994,110
DZA,Algeria,1994,454
AUS,Australia,1994,3
VNM,Vietnam,1994,0
JAM,Jamaica,1994,2
IRN,Iran,1994,72
MEX,Mexico,1994,88
CZE,Czech Republic,1994,0
DOM,Dominican Republic,1994,2
LVA,Latvia,1994,1
LKA,Sri Lanka,1994,184
VEN,Venezuela,1994,4
KWT,Kuwait,1994,0
LAO,Laos,1994,2
DEU,Germany,1994,2
CRI,Costa Rica,1994,1
LUX,Luxembourg,1994,0
KOR,South Korea,1994,1
CYP,Cyprus,1994,2
MAR,Morocco,1994,0
ECU,Ecuador,1994,0
KHM,Cambodia,1994,201
LSO,Lesotho,1994,0
LBN,Lebanon,1994,31
URY,Uruguay,1994,0
ITA,Italy,1994,2
DJI,Djibouti,1994,6
ARM,Armenia,1994,15
MDA,Moldova,1994,1
ISR,Israel,1994,60
UGA,Uganda,1994,22
IRQ,Iraq,1994,75
USA,United States,1994,10
KEN,Kenya,1994,40
ESP,Spain,1994,17
WLF,Wallis and Futuna,1994,0
ALB,Albania,1994,1
CUB,Cuba,1994,3
GIN,Guinea,1994,2
IND,India,1994,360
GEO,Georgia,1994,29
PSE,West Bank and Gaza Strip,1994,124
NOR,Norway,1994,0
POL,Poland,1994,0
ZAF,South Africa,1994,426
TJK,Tajikistan,1994,31
IDN,Indonesia,1994,1
BGD,Bangladesh,1994,30
PRY,Paraguay,1994,1
BRA,Brazil,1994,15
NLD,Netherlands,1994,0
SVN,Slovenia,1994,1
SDN,Sudan,1994,17
NIC,Nicaragua,1994,6
GTM,Guatemala,1994,21
AGO,Angola,1994,107
GRC,Greece,1994,3
BDI,Burundi,1994,211
FIN,Finland,1994,0
CHN,China,1994,18
NPL,Nepal,1994,4
SAU,Saudi Arabia,1994,0
CHL,Chile,1994,0
CAF,Central African Republic,1994,2
PHL,Philippines,1994,119
PER,Peru,1994,81
HRV,Croatia,1994,3
MKD,Macedonia,1994,0
TGO,Togo,1994,47
RWA,Rwanda,1994,1570
CAN,Canada,1994,0
PNG,Papua New Guinea,1994,17
PAN,Panama,1994,21
THA,Thailand,1994,17
SWE,Sweden,1994,0
FRA,France,1994,7
HTI,Haiti,1994,87
AFG,Afghanistan,1994,22
PAK,Pakistan,1994,348
BIH,Bosnia-Herzegovina,1994,3
NZL,New Zealand,1994,0
HUN,Hungary,1994,0
RUS,Russia,1994,34
NGA,Nigeria,1994,15
HND,Honduras,1994,10
CIV,Ivory Coast,1994,4
BEN,Benin,1994,0
EST,Estonia,1994,0
IRL,Ireland,1994,4
BGR,Bulgaria,1994,1
COG,Republic of the Congo,1994,12
GMB,Gambia,1994,13
MMR,Myanmar,1994,16
COL,Colombia,1994,165
HKG,Hong Kong,1994,3
GHA,Ghana,1994,6
YEM,Yemen,1994,14
GBR,United Kingdom,1994,66
AUT,Austria,1994,0
TWN,Taiwan,1994,1
BLR,Belarus,1994,0
BEL,Belgium,1994,0
SOM,Somalia,1994,71
MLI,Mali,1994,69
SLV,El Salvador,1994,22
PRT,Portugal,1994,2
MNE,Yugoslavia,1994,0
SLE,Sierra Leone,1994,214
SEN,Senegal,1994,5
GAB,Gabon,1994,0
NER,Niger,1994,49
TTO,Trinidad and Tobago,1994,2
NAM,Namibia,1994,0
TUN,Tunisia,1994,1
COD,Zaire,1994,2
SUR,Suriname,1994,0
CMR,Cameroon,1994,33
BHR,Bahrain,1994,0
AZE,Azerbaijan,1994,30
ZWE,Zimbabwe,1994,0
SVK,Slovak Republic,1994,0
SGP,Singapore,1994,1
MOZ,Mozambique,1994,0
TUR,Turkey,1994,740
ETH,Ethiopia,1994,6
BOL,Bolivia,1994,1
PRK,North Korea,1994,3
KHM,Cambodia,1995,11
SWZ,Swaziland,1995,0
BEN,Benin,1995,0
PSE,West Bank and Gaza Strip,1995,43
PYF,French Polynesia,1995,0
MKD,Macedonia,1995,1
BGD,Bangladesh,1995,34
RUS,Russia,1995,145
SOM,Somalia,1995,29
JOR,Jordan,1995,0
UZB,Uzbekistan,1995,0
SLV,El Salvador,1995,3
BGR,Bulgaria,1995,3
SLE,Sierra Leone,1995,40
BHR,Bahrain,1995,1
DNK,Denmark,1995,0
SEN,Senegal,1995,15
JPN,Japan,1995,15
SVK,Slovak Republic,1995,3
SDN,Sudan,1995,6
SAU,Saudi Arabia,1995,14
KEN,Kenya,1995,2
USA,United States,1995,170
BIH,Bosnia-Herzegovina,1995,2
SWE,Sweden,1995,0
DJI,Djibouti,1995,0
RWA,Rwanda,1995,148
ROU,Romania,1995,0
ARM,Armenia,1995,2
CZE,Czech Republic,1995,1
PRY,Paraguay,1995,0
BDI,Burundi,1995,439
NGA,Nigeria,1995,1
LTU,Lithuania,1995,0
CIV,Ivory Coast,1995,39
TTO,Trinidad and Tobago,1995,4
NER,Niger,1995,22
LVA,Latvia,1995,0
MAC,Macau,1995,0
TUN,Tunisia,1995,7
CMR,Cameroon,1995,5
AZE,Azerbaijan,1995,0
MAR,Morocco,1995,0
MOZ,Mozambique,1995,15
TUR,Turkey,1995,150
MNE,Yugoslavia,1995,2
UGA,Uganda,1995,145
COD,Zaire,1995,37
MMR,Myanmar,1995,17
COL,Colombia,1995,501
MLT,Malta,1995,1
AUT,Austria,1995,6
MEX,Mexico,1995,61
TZA,Tanzania,1995,0
TWN,Taiwan,1995,0
MLI,Mali,1995,2
LKA,Sri Lanka,1995,988
KNA,St. Kitts and Nevis,1995,0
NIC,Nicaragua,1995,6
NLD,Netherlands,1995,1
BEL,Belgium,1995,0
PRT,Portugal,1995,0
KOR,South Korea,1995,0
BOL,Bolivia,1995,0
POL,Poland,1995,0
DEU,Germany,1995,10
BRA,Brazil,1995,13
PNG,Papua New Guinea,1995,6
PHL,Philippines,1995,196
TCD,Chad,1995,0
URY,Uruguay,1995,0
PER,Peru,1995,103
TGO,Togo,1995,0
CAN,Canada,1995,1
PAN,Panama,1995,3
LBN,Lebanon,1995,34
THA,Thailand,1995,19
PAK,Pakistan,1995,709
CHE,Switzerland,1995,1
AUS,Australia,1995,0
CHL,Chile,1995,1
LBY,Libya,1995,0
UKR,Ukraine,1995,0
CYP,Cyprus,1995,0
TJK,Tajikistan,1995,78
CHN,China,1995,6
DZA,Algeria,1995,380
MDG,Madagascar,1995,4
GEO,Georgia,1995,14
FRA,France,1995,19
IRN,Iran,1995,0
ISR,Israel,1995,18
ESP,Spain,1995,18
HTI,Haiti,1995,16
HKG,Hong Kong,1995,0
YEM,Yemen,1995,4
VEN,Venezuela,1995,8
ARG,Argentina,1995,0
ARE,United Arab Emirates,1995,0
IRL,Ireland,1995,1
JAM,Jamaica,1995,1
ZAF,South Africa,1995,105
IDN,Indonesia,1995,41
ETH,Ethiopia,1995,5
GTM,Guatemala,1995,39
GRC,Greece,1995,0
AGO,Angola,1995,51
IND,India,1995,324
GBR,United Kingdom,1995,11
ZWE,Zimbabwe,1995,0
ZMB,Zambia,1995,0
FIN,Finland,1995,0
ECU,Ecuador,1995,4
EST,Estonia,1995,0
EGY,Egypt,1995,132
AFG,Afghanistan,1995,5
ITA,Italy,1995,0
IRQ,Iraq,1995,143
ERI,Eritrea,1995,0
GMB,Gambia,1995,0
HRV,Croatia,1995,1
HND,Honduras,1995,8
VNM,Vietnam,1995,0
GHA,Ghana,1996,3
MNE,Yugoslavia,1996,9
ETH,Ethiopia,1996,133
AUT,Austria,1996,0
EST,Estonia,1996,1
SAU,Saudi Arabia,1996,19
PSE,West Bank and Gaza Strip,1996,17
GBR,United Kingdom,1996,14
MRT,Mauritania,1996,0
SLV,El Salvador,1996,26
LBY,Libya,1996,12
SLE,Sierra Leone,1996,58
TUR,Turkey,1996,115
KOR,South Korea,1996,0
AZE,Azerbaijan,1996,2
LKA,Sri Lanka,1996,775
DZA,Algeria,1996,522
VNM,Vietnam,1996,0
RWA,Rwanda,1996,100
KHM,Cambodia,1996,44
TTO,Trinidad and Tobago,1996,0
UKR,Ukraine,1996,0
GTM,Guatemala,1996,13
NER,Niger,1996,2
VUT,Vanuatu,1996,0
IND,India,1996,562
CIV,Ivory Coast,1996,0
ECU,Ecuador,1996,2
SVK,Slovak Republic,1996,1
ARM,Armenia,1996,2
ALB,Albania,1996,7
SWE,Sweden,1996,0
MDA,Moldova,1996,0
EGY,Egypt,1996,96
ESP,Spain,1996,4
MAC,Macau,1996,0
CRI,Costa Rica,1996,1
CZE,Czech Republic,1996,2
ERI,Eritrea,1996,6
MEX,Mexico,1996,96
AFG,Afghanistan,1996,31
LBN,Lebanon,1996,49
IRN,Iran,1996,2
RUS,Russia,1996,135
BGR,Bulgaria,1996,9
UGA,Uganda,1996,386
MAR,Morocco,1996,0
MDG,Madagascar,1996,1
AUS,Australia,1996,2
ISR,Israel,1996,73
QAT,Qatar,1996,0
LBR,Liberia,1996,10
BIH,Bosnia-Herzegovina,1996,2
COD,Zaire,1996,70
LTU,Lithuania,1996,0
IRQ,Iraq,1996,10
COG,Republic of the Congo,1996,0
VEN,Venezuela,1996,13
LAO,Laos,1996,5
MMR,Myanmar,1996,39
URY,Uruguay,1996,0
DEU,Germany,1996,1
YEM,Yemen,1996,3
NGA,Nigeria,1996,24
COL,Colombia,1996,577
BEN,Benin,1996,0
TWN,Taiwan,1996,9
CUB,Cuba,1996,0
IRL,Ireland,1996,1
SDN,Sudan,1996,40
CYP,Cyprus,1996,3
TGO,Togo,1996,3
IDN,Indonesia,1996,14
NLD,Netherlands,1996,0
HKG,Hong Kong,1996,0
TJK,Tajikistan,1996,50
KEN,Kenya,1996,2
PNG,Papua New Guinea,1996,21
ZAF,South Africa,1996,82
NOR,Norway,1996,0
CAN,Canada,1996,0
CHL,Chile,1996,2
NPL,Nepal,1996,6
SYR,Syria,1996,15
DOM,Dominican Republic,1996,3
HRV,Croatia,1996,0
GEO,Georgia,1996,2
GAB,Gabon,1996,0
HUN,Hungary,1996,0
JAM,Jamaica,1996,1
ARG,Argentina,1996,1
NZL,New Zealand,1996,0
ITA,Italy,1996,0
POL,Poland,1996,0
BRA,Brazil,1996,22
CHE,Switzerland,1996,1
FRA,France,1996,18
HTI,Haiti,1996,14
JPN,Japan,1996,0
PAK,Pakistan,1996,423
SVN,Slovenia,1996,0
PAN,Panama,1996,0
BOL,Bolivia,1996,0
THA,Thailand,1996,6
HND,Honduras,1996,11
KGZ,Kyrgyzstan,1996,0
GUF,French Guiana,1996,0
BGD,Bangladesh,1996,82
TCD,Chad,1996,1
BDI,Burundi,1996,818
GRC,Greece,1996,0
JOR,Jordan,1996,0
PER,Peru,1996,73
CAF,Central African Republic,1996,2
NIC,Nicaragua,1996,14
PHL,Philippines,1996,90
CHN,China,1996,19
AGO,Angola,1996,18
SOM,Somalia,1996,28
BHR,Bahrain,1996,8
USA,United States,1996,2
GIN,Guinea,1996,2
ZMB,Zambia,1996,0
COM,Comoros,1997,0
RUS,Russia,1997,60
BGR,Bulgaria,1997,0
ZAF,South Africa,1997,23
FRA,France,1997,0
TCD,Chad,1997,2
UGA,Uganda,1997,223
PHL,Philippines,1997,95
ALB,Albania,1997,26
MDG,Madagascar,1997,0
IRN,Iran,1997,4
GEO,Georgia,1997,35
MDA,Moldova,1997,0
LTU,Lithuania,1997,1
LVA,Latvia,1997,0
HRV,Croatia,1997,2
BRA,Brazil,1997,28
SWE,Sweden,1997,1
CRI,Costa Rica,1997,2
SUR,Suriname,1997,0
CUB,Cuba,1997,1
PER,Peru,1997,41
SEN,Senegal,1997,41
BHR,Bahrain,1997,5
CAN,Canada,1997,0
PNG,Papua New Guinea,1997,0
LKA,Sri Lanka,1997,486
HND,Honduras,1997,6
PAN,Panama,1997,3
IRQ,Iraq,1997,80
VNM,Vietnam,1997,1
MAC,Macau,1997,1
NGA,Nigeria,1997,107
TZA,Tanzania,1997,1
AUT,Austria,1997,0
GBR,United Kingdom,1997,23
TJK,Tajikistan,1997,41
SLE,Sierra Leone,1997,16
CHN,China,1997,57
COD,Democratic Republic of the Congo,1997,8
SVK,Slovak Republic,1997,2
NIC,Nicaragua,1997,7
AZE,Azerbaijan,1997,1
GUY,Guyana,1997,0
BOL,Bolivia,1997,4
GTM,Guatemala,1997,22
BLR,Belarus,1997,1
GHA,Ghana,1997,1
CIV,Ivory Coast,1997,0
GUF,French Guiana,1997,0
IND,India,1997,673
BDI,Burundi,1997,329
NER,Niger,1997,32
PRY,Paraguay,1997,1
BEL,Belgium,1997,4
AGO,Angola,1997,28
GAB,Gabon,1997,4
PSE,West Bank and Gaza Strip,1997,9
IDN,Indonesia,1997,95
ETH,Ethiopia,1997,8
PAK,Pakistan,1997,439
ESP,Spain,1997,10
HTI,Haiti,1997,9
MKD,Macedonia,1997,0
TWN,Taiwan,1997,0
MLI,Mali,1997,0
CHE,Switzerland,1997,0
THA,Thailand,1997,12
COL,Colombia,1997,1151
NZL,New Zealand,1997,0
MLT,Malta,1997,0
YEM,Yemen,1997,11
HUN,Hungary,1997,3
MMR,Myanmar,1997,16
COG,Republic of the Congo,1997,2
SYR,Syria,1997,2
NPL,Nepal,1997,15
COD,Zaire,1997,2
IRL,Ireland,1997,0
CHL,Chile,1997,0
MNE,Yugoslavia,1997,9
TUR,Turkey,1997,44
NLD,Netherlands,1997,0
MEX,Mexico,1997,225
POL,Poland,1997,2
SWZ,Swaziland,1997,0
USA,United States,1997,2
ARG,Argentina,1997,3
JPN,Japan,1997,0
BIH,Bosnia-Herzegovina,1997,5
AUS,Australia,1997,0
KEN,Kenya,1997,32
SLV,El Salvador,1997,1
URY,Uruguay,1997,0
CZE,Czech Republic,1997,1
ISR,Israel,1997,31
DEU,Germany,1997,0
BHS,Bahamas,1997,1
SOM,Somalia,1997,133
AFG,Afghanistan,1997,4
GRC,Greece,1997,1
DMA,Dominica,1997,0
KAZ,Kazakhstan,1997,2
VEN,Venezuela,1997,3
BGD,Bangladesh,1997,8
JOR,Jordan,1997,0
SDN,Sudan,1997,1
DOM,Dominican Republic,1997,3
LBN,Lebanon,1997,26
EGY,Egypt,1997,165
ECU,Ecuador,1997,1
JAM,Jamaica,1997,10
DJI,Djibouti,1997,11
DZA,Algeria,1997,3667
UKR,Ukraine,1997,2
KHM,Cambodia,1997,100
ITA,Italy,1997,0
SVN,Slovenia,1997,0
RWA,Rwanda,1997,1018
MEX,Mexico,1998,3
ESP,Spain,1998,6
POL,Poland,1998,0
CAN,Canada,1998,1
ISR,Israel,1998,19
RUS,Russia,1998,49
BGR,Bulgaria,1998,0
CHE,Switzerland,1998,0
MKD,Macedonia,1998,0
PAK,Pakistan,1998,151
FRA,France,1998,1
IRN,Iran,1998,6
VEN,Venezuela,1998,0
TZA,Tanzania,1998,11
HTI,Haiti,1998,0
JPN,Japan,1998,0
LBN,Lebanon,1998,17
THA,Thailand,1998,4
COL,Colombia,1998,317
CYP,Cyprus,1998,0
BIH,Bosnia-Herzegovina,1998,2
BEL,Belgium,1998,0
IND,India,1998,397
AGO,Angola,1998,229
ECU,Ecuador,1998,0
NGA,Nigeria,1998,9
CMR,Cameroon,1998,0
ITA,Italy,1998,0
ARM,Armenia,1998,0
BDI,Burundi,1998,384
COD,Democratic Republic of the Congo,1998,67
CHN,China,1998,50
GUY,Guyana,1998,0
SLE,Sierra Leone,1998,258
GBR,United Kingdom,1998,46
SOM,Somalia,1998,0
AUT,Austria,1998,0
BGD,Bangladesh,1998,0
IDN,Indonesia,1998,9
KEN,Kenya,1998,226
MNE,Yugoslavia,1998,57
ALB,Albania,1998,0
DEU,Germany,1998,0
IRL,Ireland,1998,1
TUR,Turkey,1998,21
PSE,West Bank and Gaza Strip,1998,12
CHL,Chile,1998,0
USA,United States,1998,4
HUN,Hungary,1998,0
SWZ,Swaziland,1998,1
YEM,Yemen,1998,8
TJK,Tajikistan,1998,27
UGA,Uganda,1998,81
KHM,Cambodia,1998,25
ZAF,South Africa,1998,13
JOR,Jordan,1998,0
LKA,Sri Lanka,1998,670
RWA,Rwanda,1998,100
GRC,Greece,1998,0
AUS,Australia,1998,0
SEN,Senegal,1998,4
EGY,Egypt,1998,9
LVA,Latvia,1998,0
BRA,Brazil,1998,0
IRQ,Iraq,1998,19
PER,Peru,1998,7
TCD,Chad,1998,0
SYR,Syria,1998,0
GEO,Georgia,1998,32
DZA,Algeria,1998,739
MAC,Macau,1998,0
PHL,Philippines,1998,5
AFG,Afghanistan,1998,8
SVK,Slovak Republic,1998,1
CHN,China,1999,5
GBR,United Kingdom,1999,7
LVA,Latvia,1999,0
TCD,Chad,1999,77
BIH,Bosnia-Herzegovina,1999,1
COD,Democratic Republic of the Congo,1999,7
ZAF,South Africa,1999,4
COL,Colombia,1999,256
KGZ,Kyrgyzstan,1999,1
COG,Republic of the Congo,1999,107
DEU,Germany,1999,3
LBR,Liberia,1999,0
JOR,Jordan,1999,0
MNE,Yugoslavia,1999,14
SLB,Solomon Islands,1999,2
THA,Thailand,1999,0
ISR,Israel,1999,6
NLD,Netherlands,1999,0
ESP,Spain,1999,0
IDN,Indonesia,1999,62
ALB,Albania,1999,6
YEM,Yemen,1999,11
SDN,Sudan,1999,16
FJI,Fiji,1999,0
ETH,Ethiopia,1999,2
TUR,Turkey,1999,115
IRL,Ireland,1999,0
SWE,Sweden,1999,0
SVK,Slovak Republic,1999,0
CHL,Chile,1999,0
MOZ,Mozambique,1999,0
PSE,West Bank and Gaza Strip,1999,1
DZA,Algeria,1999,404
TJK,Tajikistan,1999,2
PER,Peru,1999,17
BGD,Bangladesh,1999,30
ARM,Armenia,1999,8
IRQ,Iraq,1999,13
SLE,Sierra Leone,1999,28
USA,United States,1999,20
NPL,Nepal,1999,23
NIC,Nicaragua,1999,0
SWZ,Swaziland,1999,0
GEO,Georgia,1999,5
MMR,Myanmar,1999,8
SOM,Somalia,1999,7
EST,Estonia,1999,0
NAM,Namibia,1999,13
JPN,Japan,1999,0
SEN,Senegal,1999,1
GRC,Greece,1999,1
ARG,Argentina,1999,0
PRY,Paraguay,1999,2
PAK,Pakistan,1999,122
LBN,Lebanon,1999,21
ECU,Ecuador,1999,0
NGA,Nigeria,1999,134
MEX,Mexico,1999,0
ZMB,Zambia,1999,1
PAN,Panama,1999,0
BGR,Bulgaria,1999,0
UKR,Ukraine,1999,1
BRA,Brazil,1999,1
AGO,Angola,1999,287
ITA,Italy,1999,1
XKX,Kosovo,1999,23
IRN,Iran,1999,4
PHL,Philippines,1999,45
BLR,Belarus,1999,0
BEL,Belgium,1999,0
DNK,Denmark,1999,0
CHE,Switzerland,1999,0
FRA,France,1999,0
UZB,Uzbekistan,1999,18
LKA,Sri Lanka,1999,212
NER,Niger,1999,4
GTM,Guatemala,1999,3
KHM,Cambodia,1999,1
IND,India,1999,463
RUS,Russia,1999,395
MKD,Macedonia,1999,0
EGY,Egypt,1999,1
UGA,Uganda,1999,75
AFG,Afghanistan,1999,39
HTI,Haiti,1999,3
CAN,Canada,1999,0
BDI,Burundi,1999,108
VEN,Venezuela,1999,0
BIH,Bosnia-Herzegovina,2000,1
CIV,Ivory Coast,2000,4
GRC,Greece,2000,1
ETH,Ethiopia,2000,3
PRY,Paraguay,2000,0
KHM,Cambodia,2000,12
CHL,Chile,2000,0
DEU,Germany,2000,1
YEM,Yemen,2000,19
LCA,St. Lucia,2000,2
MOZ,Mozambique,2000,1
ZWE,Zimbabwe,2000,0
SAU,Saudi Arabia,2000,1
BLZ,Belize,2000,0
MYS,Malaysia,2000,2
LKA,Sri Lanka,2000,446
AZE,Azerbaijan,2000,0
ECU,Ecuador,2000,0
ARM,Armenia,2000,0
SLB,Solomon Islands,2000,0
BRA,Brazil,2000,0
TLS,East Timor,2000,0
KGZ,Kyrgyzstan,2000,2
NGA,Nigeria,2000,20
CHN,China,2000,1
ALB,Albania,2000,0
COD,Democratic Republic of the Congo,2000,10
CYP,Cyprus,2000,0
ITA,Italy,2000,0
DZA,Algeria,2000,516
UKR,Ukraine,2000,0
NIC,Nicaragua,2000,2
GIN,Guinea,2000,206
IND,India,2000,671
IDN,Indonesia,2000,143
TJK,Tajikistan,2000,10
NAM,Namibia,2000,23
AGO,Angola,2000,177
GEO,Georgia,2000,3
GTM,Guatemala,2000,2
ZMB,Zambia,2000,0
BGD,Bangladesh,2000,10
MNE,Yugoslavia,2000,5
HRV,Croatia,2000,3
TZA,Tanzania,2000,0
HTI,Haiti,2000,5
XKX,Kosovo,2000,23
MKD,Macedonia,2000,3
JPN,Japan,2000,0
PAK,Pakistan,2000,116
QAT,Qatar,2000,0
CAF,Central African Republic,2000,1
COL,Colombia,2000,426
KEN,Kenya,2000,26
ESP,Spain,2000,29
ISR,Israel,2000,9
KAZ,Kazakhstan,2000,2
CHE,Switzerland,2000,0
MEX,Mexico,2000,5
SEN,Senegal,2000,4
SOM,Somalia,2000,36
FRA,France,2000,4
GMB,Gambia,2000,0
RUS,Russia,2000,362
CAN,Canada,2000,0
AUS,Australia,2000,0
LBN,Lebanon,2000,11
SVK,Slovak Republic,2000,0
BDI,Burundi,2000,76
IRN,Iran,2000,5
BGR,Bulgaria,2000,4
UGA,Uganda,2000,296
HKG,Hong Kong,2000,0
MDA,Moldova,2000,0
AFG,Afghanistan,2000,38
PAN,Panama,2000,0
THA,Thailand,2000,7
LVA,Latvia,2000,1
SDN,Sudan,2000,27
NPL,Nepal,2000,91
SVN,Slovenia,2000,0
PER,Peru,2000,1
GBR,United Kingdom,2000,7
TUR,Turkey,2000,12
FJI,Fiji,2000,7
IRQ,Iraq,2000,8
LAO,Laos,2000,1
SLE,Sierra Leone,2000,59
SWE,Sweden,2000,0
USA,United States,2000,0
PSE,West Bank and Gaza Strip,2000,21
NLD,Netherlands,2000,0
JOR,Jordan,2000,0
ZAF,South Africa,2000,18
PHL,Philippines,2000,279
LBR,Liberia,2000,0
RWA,Rwanda,2000,4
CHL,Chile,2001,0
KEN,Kenya,2001,13
PER,Peru,2001,16
NLD,Netherlands,2001,0
HKG,Hong Kong,2001,0
BGD,Bangladesh,2001,57
GTM,Guatemala,2001,1
ALB,Albania,2001,0
SOM,Somalia,2001,3
JOR,Jordan,2001,1
SEN,Senegal,2001,19
GEO,Georgia,2001,6
BDI,Burundi,2001,166
AGO,Angola,2001,587
KAZ,Kazakhstan,2001,0
ARG,Argentina,2001,0
FJI,Fiji,2001,0
CHN,China,2001,25
BRA,Brazil,2001,1
THA,Thailand,2001,11
KGZ,Kyrgyzstan,2001,0
POL,Poland,2001,0
USA,United States,2001,3002
GUY,Guyana,2001,0
GRC,Greece,2001,0
ITA,Italy,2001,0
CHE,Switzerland,2001,14
NPL,Nepal,2001,172
JPN,Japan,2001,0
FRA,France,2001,0
HTI,Haiti,2001,0
NGA,Nigeria,2001,3
HUN,Hungary,2001,1
IDN,Indonesia,2001,130
DZA,Algeria,2001,593
TJK,Tajikistan,2001,8
NOR,Norway,2001,1
HRV,Croatia,2001,0
PAK,Pakistan,2001,108
NZL,New Zealand,2001,0
PHL,Philippines,2001,154
PSE,West Bank and Gaza Strip,2001,105
MEX,Mexico,2001,13
DEU,Germany,2001,3
LBR,Liberia,2001,1
CRI,Costa Rica,2001,1
SDN,Sudan,2001,13
XKX,Kosovo,2001,20
KHM,Cambodia,2001,4
ISR,Israel,2001,140
UGA,Uganda,2001,56
ESP,Spain,2001,14
TWN,Taiwan,2001,2
RUS,Russia,2001,228
ECU,Ecuador,2001,0
GNB,Guinea-Bissau,2001,0
QAT,Qatar,2001,1
LBN,Lebanon,2001,0
AUS,Australia,2001,0
IRN,Iran,2001,0
KOR,South Korea,2001,0
BGR,Bulgaria,2001,0
SAU,Saudi Arabia,2001,2
MKD,Macedonia,2001,35
COL,Colombia,2001,537
CZE,Czech Republic,2001,0
TZA,Tanzania,2001,1
VEN,Venezuela,2001,0
COD,Democratic Republic of the Congo,2001,15
ZWE,Zimbabwe,2001,1
ARM,Armenia,2001,1
YEM,Yemen,2001,0
CYP,Cyprus,2001,0
TUR,Turkey,2001,17
CIV,Ivory Coast,2001,12
AFG,Afghanistan,2001,174
MNE,Montenegro,2001,1
VNM,Vietnam,2001,0
LKA,Sri Lanka,2001,193
NAM,Namibia,2001,1
IND,India,2001,658
COG,Republic of the Congo,2001,0
MMR,Myanmar,2001,8
LAO,Laos,2001,0
IRQ,Iraq,2001,9
TUN,Tunisia,2001,3
IRL,Ireland,2001,0
BLR,Belarus,2001,0
MYS,Malaysia,2001,0
BIH,Bosnia-Herzegovina,2001,0
AZE,Azerbaijan,2001,1
RWA,Rwanda,2001,2
EST,Estonia,2001,1
GBR,United Kingdom,2001,8
KWT,Kuwait,2001,2
MNE,Yugoslavia,2001,8
THA,Thailand,2002,16
GBR,United Kingdom,2002,2
ESP,Spain,2002,5
HTI,Haiti,2002,0
MMR,Myanmar,2002,5
MKD,Macedonia,2002,3
NPL,Nepal,2002,486
COG,Republic of the Congo,2002,17
JPN,Japan,2002,0
ISR,Israel,2002,327
KHM,Cambodia,2002,4
PAK,Pakistan,2002,105
AFG,Afghanistan,2002,69
PHL,Philippines,2002,125
LKA,Sri Lanka,2002,3
BRA,Brazil,2002,0
FRA,France,2002,0
ZMB,Zambia,2002,0
ZWE,Zimbabwe,2002,8
UKR,Ukraine,2002,1
BIH,Bosnia-Herzegovina,2002,0
HND,Honduras,2002,0
TCD,Chad,2002,1
GEO,Georgia,2002,1
PER,Peru,2002,9
IRQ,Iraq,2002,10
BGR,Bulgaria,2002,1
JOR,Jordan,2002,3
ZAF,South Africa,2002,1
DZA,Algeria,2002,588
XKX,Kosovo,2002,1
SDN,Sudan,2002,576
UGA,Uganda,2002,173
SOM,Somalia,2002,6
MDG,Madagascar,2002,0
RUS,Russia,2002,512
PSE,West Bank and Gaza Strip,2002,177
PNG,Papua New Guinea,2002,0
BDI,Burundi,2002,67
SEN,Senegal,2002,8
COL,Colombia,2002,346
VEN,Venezuela,2002,0
LBR,Liberia,2002,3
LBN,Lebanon,2002,2
USA,United States,2002,4
TUN,Tunisia,2002,31
MNE,Yugoslavia,2002,0
AZE,Azerbaijan,2002,0
BGD,Bangladesh,2002,21
CHN,China,2002,1
ETH,Ethiopia,2002,1
MWI,Malawi,2002,1
SAU,Saudi Arabia,2002,1
TKM,Turkmenistan,2002,0
NGA,Nigeria,2002,28
SLB,Solomon Islands,2002,1
NLD,Netherlands,2002,1
YEM,Yemen,2002,4
KEN,Kenya,2002,16
COD,Democratic Republic of the Congo,2002,16
GRC,Greece,2002,0
AGO,Angola,2002,38
TUR,Turkey,2002,0
IDN,Indonesia,2002,241
CIV,Ivory Coast,2002,3
ECU,Ecuador,2002,0
GUY,Guyana,2002,4
BEL,Belgium,2002,0
DEU,Germany,2002,0
ITA,Italy,2002,1
KGZ,Kyrgyzstan,2002,2
CHL,Chile,2002,0
KWT,Kuwait,2002,4
IND,India,2002,592
ARG,Argentina,2003,0
XKX,Kosovo,2003,5
SWZ,Swaziland,2003,0
MAR,Morocco,2003,45
YEM,Yemen,2003,16
CHN,China,2003,1
RUS,Russia,2003,328
LBN,Lebanon,2003,3
COD,Democratic Republic of the Congo,2003,154
IRN,Iran,2003,0
BDI,Burundi,2003,116
KOR,South Korea,2003,0
COL,Colombia,2003,184
SOM,Somalia,2003,7
DZA,Algeria,2003,260
GRC,Greece,2003,0
TLS,East Timor,2003,5
KHM,Cambodia,2003,1
PHL,Philippines,2003,283
BEL,Belgium,2003,0
ALB,Albania,2003,0
BRA,Brazil,2003,0
FRA,France,2003,0
LKA,Sri Lanka,2003,23
AFG,Afghanistan,2003,163
IND,India,2003,472
VEN,Venezuela,2003,0
ZWE,Zimbabwe,2003,0
NGA,Nigeria,2003,27
GTM,Guatemala,2003,1
UKR,Ukraine,2003,0
BHR,Bahrain,2003,0
SRB,Serbia-Montenegro,2003,2
UGA,Uganda,2003,231
PER,Peru,2003,7
IRQ,Iraq,2003,340
SLB,Solomon Islands,2003,1
LBR,Liberia,2003,2
BGD,Bangladesh,2003,3
KGZ,Kyrgyzstan,2003,1
ECU,Ecuador,2003,0
ITA,Italy,2003,0
TUR,Turkey,2003,67
NZL,New Zealand,2003,0
SAU,Saudi Arabia,2003,54
CZE,Czech Republic,2003,0
ETH,Ethiopia,2003,2
MKD,Macedonia,2003,0
DEU,Germany,2003,0
NPL,Nepal,2003,22
COG,Republic of the Congo,2003,11
CHE,Switzerland,2003,0
GNB,Guinea-Bissau,2003,1
ISR,Israel,2003,154
JPN,Japan,2003,0
KEN,Kenya,2003,3
HTI,Haiti,2003,4
CHL,Chile,2003,0
GBR,United Kingdom,2003,2
USA,United States,2003,0
THA,Thailand,2003,6
GUY,Guyana,2003,0
IRL,Ireland,2003,0
NLD,Netherlands,2003,0
MMR,Myanmar,2003,18
PSE,West Bank and Gaza Strip,2003,60
PAK,Pakistan,2003,119
IDN,Indonesia,2003,26
MEX,Mexico,2003,2
NOR,Norway,2003,0
BOL,Bolivia,2003,0
ESP,Spain,2003,3
KWT,Kuwait,2003,1
LAO,Laos,2003,10
BIH,Bosnia-Herzegovina,2003,0
GEO,Georgia,2003,0
ITA,Italy,2004,1
ESP,Spain,2004,193
DJI,Djibouti,2004,0
THA,Thailand,2004,31
PER,Peru,2004,6
IRQ,Iraq,2004,2116
SYR,Syria,2004,4
UGA,Uganda,2004,193
PSE,West Bank and Gaza Strip,2004,31
CYP,Cyprus,2004,0
GTM,Guatemala,2004,3
MMR,Myanmar,2004,1
CIV,Ivory Coast,2004,12
AFG,Afghanistan,2004,275
LKA,Sri Lanka,2004,30
PHL,Philippines,2004,202
ISR,Israel,2004,59
FRA,France,2004,0
HND,Honduras,2004,28
NGA,Nigeria,2004,41
NPL,Nepal,2004,630
IND,India,2004,334
NLD,Netherlands,2004,1
IDN,Indonesia,2004,41
BDI,Burundi,2004,18
ETH,Ethiopia,2004,1
TUR,Turkey,2004,24
MEX,Mexico,2004,0
SDN,Sudan,2004,0
TZA,Tanzania,2004,0
CAN,Canada,2004,0
BGD,Bangladesh,2004,33
LBN,Lebanon,2004,1
DEU,Germany,2004,1
SOM,Somalia,2004,6
RUS,Russia,2004,607
XKX,Kosovo,2004,0
GBR,United Kingdom,2004,0
SRB,Serbia-Montenegro,2004,1
COL,Colombia,2004,83
CHN,China,2004,4
GEO,Georgia,2004,0
PAK,Pakistan,2004,299
SAU,Saudi Arabia,2004,64
MRT,Mauritania,2004,0
USA,United States,2004,0
TWN,Taiwan,2004,0
UZB,Uzbekistan,2004,36
EGY,Egypt,2004,38
HTI,Haiti,2004,7
DZA,Algeria,2004,166
ECU,Ecuador,2004,0
GRC,Greece,2004,0
COD,Democratic Republic of the Congo,2004,6
SDN,Sudan,2005,54
GBR,United Kingdom,2005,57
SAU,Saudi Arabia,2005,1
GRC,Greece,2005,0
PHL,Philippines,2005,49
HKG,Hong Kong,2005,0
BIH,Bosnia-Herzegovina,2005,0
QAT,Qatar,2005,2
RUS,Russia,2005,151
AFG,Afghanistan,2005,367
RWA,Rwanda,2005,30
SWE,Sweden,2005,0
BOL,Bolivia,2005,0
PSE,West Bank and Gaza Strip,2005,20
SOM,Somalia,2005,20
GNB,Guinea-Bissau,2005,0
LBN,Lebanon,2005,22
EGY,Egypt,2005,92
NPL,Nepal,2005,199
LKA,Sri Lanka,2005,109
UGA,Uganda,2005,80
TJK,Tajikistan,2005,0
IRQ,Iraq,2005,3335
IDN,Indonesia,2005,65
CHN,China,2005,12
TLS,East Timor,2005,0
XKX,Kosovo,2005,1
GEO,Georgia,2005,8
IRN,Iran,2005,13
NGA,Nigeria,2005,19
TTO,Trinidad and Tobago,2005,0
ETH,Ethiopia,2005,7
COL,Colombia,2005,145
CIV,Ivory Coast,2005,41
MEX,Mexico,2005,2
IND,India,2005,462
SRB,Serbia-Montenegro,2005,0
ESP,Spain,2005,0
BGD,Bangladesh,2005,41
YEM,Yemen,2005,12
COD,Democratic Republic of the Congo,2005,22
MMR,Myanmar,2005,20
MRT,Mauritania,2005,23
ISR,Israel,2005,44
THA,Thailand,2005,130
TUR,Turkey,2005,35
KGZ,Kyrgyzstan,2005,0
ITA,Italy,2005,1
ARG,Argentina,2005,0
SEN,Senegal,2005,0
USA,United States,2005,0
TGO,Togo,2005,0
HRV,Croatia,2005,0
KEN,Kenya,2005,56
DZA,Algeria,2005,225
DEU,Germany,2005,2
GIN,Guinea,2005,0
PAK,Pakistan,2005,149
FRA,France,2005,0
HTI,Haiti,2005,1
URY,Uruguay,2005,0
BDI,Burundi,2005,13
KWT,Kuwait,2005,0
PER,Peru,2005,7
JOR,Jordan,2005,62
UZB,Uzbekistan,2005,10
ESP,Spain,2006,2
USA,United States,2006,1
MMR,Myanmar,2006,0
BGD,Bangladesh,2006,19
BIH,Bosnia-Herzegovina,2006,0
DZA,Algeria,2006,182
MKD,Macedonia,2006,0
SDN,Sudan,2006,388
MEX,Mexico,2006,7
JOR,Jordan,2006,1
PSE,West Bank and Gaza Strip,2006,20
ITA,Italy,2006,0
SRB,Serbia-Montenegro,2006,0
IRL,Ireland,2006,1
SOM,Somalia,2006,22
KEN,Kenya,2006,18
ISR,Israel,2006,39
LBN,Lebanon,2006,11
GRC,Greece,2006,0
EGY,Egypt,2006,19
ZWE,Zimbabwe,2006,0
LKA,Sri Lanka,2006,1006
TUR,Turkey,2006,38
DEU,Germany,2006,2
KOR,South Korea,2006,0
GBR,United Kingdom,2006,0
LSO,Lesotho,2006,0
RUS,Russia,2006,57
SAU,Saudi Arabia,2006,4
KGZ,Kyrgyzstan,2006,1
XKX,Kosovo,2006,0
MDG,Madagascar,2006,0
MDV,Maldives,2006,0
IRN,Iran,2006,48
AUS,Australia,2006,0
COL,Colombia,2006,79
SWE,Sweden,2006,0
IRQ,Iraq,2006,4581
FRA,France,2006,1
ETH,Ethiopia,2006,12
GTM,Guatemala,2006,5
BLR,Belarus,2006,0
CAF,Central African Republic,2006,4
IDN,Indonesia,2006,6
AFG,Afghanistan,2006,731
THA,Thailand,2006,192
NPL,Nepal,2006,133
CIV,Ivory Coast,2006,20
NOR,Norway,2006,0
CHN,China,2006,1
HTI,Haiti,2006,2
NGA,Nigeria,2006,250
BDI,Burundi,2006,21
GEO,Georgia,2006,5
CAN,Canada,2006,0
GUY,Guyana,2006,6
IND,India,2006,721
SYR,Syria,2006,5
BRA,Brazil,2006,1
PHL,Philippines,2006,57
CHL,Chile,2006,0
COD,Democratic Republic of the Congo,2006,23
BTN,Bhutan,2006,4
PER,Peru,2006,7
TCD,Chad,2006,63
YEM,Yemen,2006,9
SWZ,Swaziland,2006,0
AUT,Austria,2006,0
BHR,Bahrain,2006,0
GNB,Guinea-Bissau,2006,11
PAK,Pakistan,2006,313
NPL,Nepal,2007,44
LBN,Lebanon,2007,40
LBY,Libya,2007,0
ZWE,Zimbabwe,2007,0
HTI,Haiti,2007,1
ISR,Israel,2007,17
UKR,Ukraine,2007,0
BOL,Bolivia,2007,0
CHE,Switzerland,2007,0
SOM,Somalia,2007,360
MOZ,Mozambique,2007,6
PAK,Pakistan,2007,1389
PHL,Philippines,2007,113
JAM,Jamaica,2007,0
USA,United States,2007,0
TCD,Chad,2007,136
DZA,Algeria,2007,264
PER,Peru,2007,18
ZAF,South Africa,2007,1
KEN,Kenya,2007,27
CAF,Central African Republic,2007,1
AFG,Afghanistan,2007,1190
KGZ,Kyrgyzstan,2007,0
SAU,Saudi Arabia,2007,3
BDI,Burundi,2007,3
ARM,Armenia,2007,0
BGD,Bangladesh,2007,1
DEU,Germany,2007,1
PNG,Papua New Guinea,2007,0
GRC,Greece,2007,0
VEN,Venezuela,2007,1
UGA,Uganda,2007,2
CYP,Cyprus,2007,0
NER,Niger,2007,66
BEL,Belgium,2007,0
MEX,Mexico,2007,25
CIV,Ivory Coast,2007,0
TUN,Tunisia,2007,14
MKD,Macedonia,2007,0
MLI,Mali,2007,10
IND,India,2007,626
CMR,Cameroon,2007,31
ESP,Spain,2007,0
AZE,Azerbaijan,2007,0
YEM,Yemen,2007,24
TUR,Turkey,2007,25
FRA,France,2007,3
PSE,West Bank and Gaza Strip,2007,112
IRL,Ireland,2007,0
BIH,Bosnia-Herzegovina,2007,1
MMR,Myanmar,2007,10
AUT,Austria,2007,0
MNE,Montenegro,2007,0
COD,Democratic Republic of the Congo,2007,72
ETH,Ethiopia,2007,204
THA,Thailand,2007,260
SDN,Sudan,2007,301
COL,Colombia,2007,64
LKA,Sri Lanka,2007,410
IRQ,Iraq,2007,6637
CHL,Chile,2007,0
CUB,Cuba,2007,1
TJK,Tajikistan,2007,1
LVA,Latvia,2007,0
IDN,Indonesia,2007,0
GBR,United Kingdom,2007,4
MAR,Morocco,2007,8
RUS,Russia,2007,55
ERI,Eritrea,2007,0
TLS,East Timor,2007,1
FIN,Finland,2007,9
XKX,Kosovo,2007,1
MDV,Maldives,2007,0
IRN,Iran,2007,24
NGA,Nigeria,2007,80
ESH,Western Sahara,2007,0
BGR,Bulgaria,2008,0
SEN,Senegal,2008,1
SOM,Somalia,2008,426
SDN,Sudan,2008,188
SRB,Serbia,2008,2
BGD,Bangladesh,2008,9
GEO,Georgia,2008,13
ZWE,Zimbabwe,2008,7
ETH,Ethiopia,2008,27
GRC,Greece,2008,0
MLI,Mali,2008,55
ESP,Spain,2008,3
TUR,Turkey,2008,42
IRL,Ireland,2008,0
MMR,Myanmar,2008,13
COD,Democratic Republic of the Congo,2008,319
MRT,Mauritania,2008,12
AUT,Austria,2008,0
BHR,Bahrain,2008,1
CMR,Cameroon,2008,3
YEM,Yemen,2008,74
MYS,Malaysia,2008,0
AZE,Azerbaijan,2008,5
TUN,Tunisia,2008,0
IND,India,2008,763
NER,Niger,2008,6
KEN,Kenya,2008,92
TWN,Taiwan,2008,0
LBR,Liberia,2008,12
MKD,Macedonia,2008,2
COL,Colombia,2008,85
CZE,Czech Republic,2008,0
ISR,Israel,2008,34
UKR,Ukraine,2008,0
EGY,Egypt,2008,0
LBY,Libya,2008,0
VEN,Venezuela,2008,1
ECU,Ecuador,2008,0
LKA,Sri Lanka,2008,352
IRQ,Iraq,2008,2863
DEU,Germany,2008,0
UGA,Uganda,2008,3
XKX,Kosovo,2008,0
MDV,Maldives,2008,0
IRN,Iran,2008,26
AUS,Australia,2008,0
KHM,Cambodia,2008,1
TZA,Tanzania,2008,0
MEX,Mexico,2008,21
NGA,Nigeria,2008,62
ITA,Italy,2008,0
TLS,East Timor,2008,2
FRA,France,2008,0
ZAF,South Africa,2008,0
DNK,Denmark,2008,0
SYR,Syria,2008,18
AFG,Afghanistan,2008,1087
HKG,Hong Kong,2008,0
GUY,Guyana,2008,23
USA,United States,2008,2
BLR,Belarus,2008,0
SWZ,Swaziland,2008,0
BIH,Bosnia-Herzegovina,2008,2
PSE,West Bank and Gaza Strip,2008,32
ROU,Romania,2008,0
GBR,United Kingdom,2008,0
RUS,Russia,2008,95
SWE,Sweden,2008,0
RWA,Rwanda,2008,0
PHL,Philippines,2008,219
FIN,Finland,2008,0
BTN,Bhutan,2008,5
DZA,Algeria,2008,245
CHN,China,2008,23
IDN,Indonesia,2008,0
KAZ,Kazakhstan,2008,2
CHL,Chile,2008,0
NLD,Netherlands,2008,0
JPN,Japan,2008,0
THA,Thailand,2008,154
TCD,Chad,2008,171
NPL,Nepal,2008,53
HUN,Hungary,2008,0
PAK,Pakistan,2008,1181
CAN,Canada,2008,0
HRV,Croatia,2008,0
BDI,Burundi,2008,28
CAF,Central African Republic,2008,1
PER,Peru,2008,0
NZL,New Zealand,2008,0
LBN,Lebanon,2008,142
ARM,Armenia,2009,1
ARG,Argentina,2009,0
USA,United States,2009,18
ALB,Albania,2009,0
AUT,Austria,2009,1
SRB,Serbia,2009,0
SWE,Sweden,2009,0
BEL,Belgium,2009,0
AFG,Afghanistan,2009,1064
TCD,Chad,2009,0
THA,Thailand,2009,270
TJK,Tajikistan,2009,0
AGO,Angola,2009,2
AZE,Azerbaijan,2009,1
YEM,Yemen,2009,47
TUR,Turkey,2009,18
AUS,Australia,2009,0
XKX,Kosovo,2009,0
UGA,Uganda,2009,11
VEN,Venezuela,2009,10
UKR,Ukraine,2009,0
SOM,Somalia,2009,381
UZB,Uzbekistan,2009,3
CHN,China,2009,186
ECU,Ecuador,2009,0
HRV,Croatia,2009,0
HND,Honduras,2009,2
FRA,France,2009,0
EGY,Egypt,2009,1
NGA,Nigeria,2009,316
RUS,Russia,2009,141
ISR,Israel,2009,1
NER,Niger,2009,18
RWA,Rwanda,2009,4
ITA,Italy,2009,0
MYS,Malaysia,2009,0
SAU,Saudi Arabia,2009,5
CMR,Cameroon,2009,0
DZA,Algeria,2009,203
MRT,Mauritania,2009,2
CHL,Chile,2009,0
GBR,United Kingdom,2009,3
NLD,Netherlands,2009,7
BIH,Bosnia-Herzegovina,2009,0
IND,India,2009,774
ETH,Ethiopia,2009,13
PER,Peru,2009,19
CAF,Central African Republic,2009,28
BOL,Bolivia,2009,0
PAN,Panama,2009,1
CAN,Canada,2009,0
ESP,Spain,2009,3
IRN,Iran,2009,97
PAK,Pakistan,2009,1483
NPL,Nepal,2009,20
IDN,Indonesia,2009,15
HUN,Hungary,2009,2
ERI,Eritrea,2009,2
IRQ,Iraq,2009,2583
PSE,West Bank and Gaza Strip,2009,7
COD,Democratic Republic of the Congo,2009,824
PHL,Philippines,2009,152
MEX,Mexico,2009,2
DEU,Germany,2009,0
COL,Colombia,2009,107
GNQ,Equatorial Guinea,2009,1
GEO,Georgia,2009,5
GRC,Greece,2009,1
CZE,Czech Republic,2009,0
MKD,Macedonia,2009,0
LBN,Lebanon,2009,17
GNB,Guinea-Bissau,2009,1
MDG,Madagascar,2009,2
MDA,Moldova,2009,0
SEN,Senegal,2009,2
LSO,Lesotho,2009,0
MLI,Mali,2009,30
BGD,Bangladesh,2009,18
KEN,Kenya,2009,0
LKA,Sri Lanka,2009,201
SDN,Sudan,2009,76
MMR,Myanmar,2009,46
JPN,Japan,2009,0
ERI,Eritrea,2010,17
LKA,Sri Lanka,2010,2
AUS,Australia,2010,0
IND,India,2010,812
NOR,Norway,2010,0
UKR,Ukraine,2010,1
NPL,Nepal,2010,10
IRL,Ireland,2010,0
XKX,Kosovo,2010,1
TCD,Chad,2010,0
PAK,Pakistan,2010,1695
UGA,Uganda,2010,75
LBN,Lebanon,2010,2
ESP,Spain,2010,0
DEU,Germany,2010,0
CAN,Canada,2010,0
CAF,Central African Republic,2010,36
BDI,Burundi,2010,14
IRN,Iran,2010,115
USA,United States,2010,4
NLD,Netherlands,2010,0
COD,Democratic Republic of the Congo,2010,118
JOR,Jordan,2010,1
MMR,Myanmar,2010,13
MRT,Mauritania,2010,1
DZA,Algeria,2010,105
CMR,Cameroon,2010,5
TUR,Turkey,2010,13
KEN,Kenya,2010,18
ITA,Italy,2010,0
ARE,United Arab Emirates,2010,0
YEM,Yemen,2010,345
MLI,Mali,2010,1
CIV,Ivory Coast,2010,10
NER,Niger,2010,9
TTO,Trinidad and Tobago,2010,0
ISR,Israel,2010,4
KGZ,Kyrgyzstan,2010,0
ARG,Argentina,2010,0
NGA,Nigeria,2010,117
MEX,Mexico,2010,0
EGY,Egypt,2010,0
CHN,China,2010,7
TJK,Tajikistan,2010,4
IRQ,Iraq,2010,2070
CHL,Chile,2010,0
DNK,Denmark,2010,0
TZA,Tanzania,2010,0
COL,Colombia,2010,56
BGD,Bangladesh,2010,15
THA,Thailand,2010,154
BIH,Bosnia-Herzegovina,2010,1
PRY,Paraguay,2010,2
SWE,Sweden,2010,1
PSE,West Bank and Gaza Strip,2010,0
ZWE,Zimbabwe,2010,1
SEN,Senegal,2010,3
AFG,Afghanistan,2010,1053
RWA,Rwanda,2010,6
PHL,Philippines,2010,155
RUS,Russia,2010,231
SDN,Sudan,2010,81
ETH,Ethiopia,2010,8
FRA,France,2010,0
SRB,Serbia,2010,0
IDN,Indonesia,2010,0
GRC,Greece,2010,4
BHR,Bahrain,2010,0
SOM,Somalia,2010,295
BLR,Belarus,2010,0
GBR,United Kingdom,2010,0
GEO,Georgia,2010,4
AGO,Angola,2010,4
ECU,Ecuador,2011,0
PSE,West Bank and Gaza Strip,2011,15
NGA,Nigeria,2011,441
CHL,Chile,2011,0
MLI,Mali,2011,2
SWE,Sweden,2011,0
MEX,Mexico,2011,0
SEN,Senegal,2011,14
IRQ,Iraq,2011,1864
EGY,Egypt,2011,28
CHN,China,2011,19
GRC,Greece,2011,0
KGZ,Kyrgyzstan,2011,0
HND,Honduras,2011,2
ARG,Argentina,2011,0
PHL,Philippines,2011,127
KEN,Kenya,2011,41
GBR,United Kingdom,2011,1
COD,Democratic Republic of the Congo,2011,50
AUT,Austria,2011,0
MRT,Mauritania,2011,1
USA,United States,2011,0
BHR,Bahrain,2011,0
CMR,Cameroon,2011,4
SAU,Saudi Arabia,2011,3
FRA,France,2011,0
RUS,Russia,2011,160
ITA,Italy,2011,0
RWA,Rwanda,2011,2
TUN,Tunisia,2011,0
DZA,Algeria,2011,25
SDN,Sudan,2011,193
KAZ,Kazakhstan,2011,12
CIV,Ivory Coast,2011,23
AFG,Afghanistan,2011,1506
NER,Niger,2011,4
ISR,Israel,2011,21
MMR,Myanmar,2011,0
TUR,Turkey,2011,25
GEO,Georgia,2011,1
BIH,Bosnia-Herzegovina,2011,0
SYR,Syria,2011,163
KWT,Kuwait,2011,0
PAK,Pakistan,2011,1653
SOM,Somalia,2011,344
CZE,Czech Republic,2011,0
PRY,Paraguay,2011,0
BLR,Belarus,2011,13
LBN,Lebanon,2011,1
NLD,Netherlands,2011,0
MDG,Madagascar,2011,0
EST,Estonia,2011,1
ETH,Ethiopia,2011,2
PRT,Portugal,2011,0
CAF,Central African Republic,2011,35
ZWE,Zimbabwe,2011,0
BDI,Burundi,2011,47
UKR,Ukraine,2011,0
MAR,Morocco,2011,17
XKX,Kosovo,2011,0
CHE,Switzerland,2011,0
IDN,Indonesia,2011,20
ERI,Eritrea,2011,17
BGD,Bangladesh,2011,9
THA,Thailand,2011,151
LBY,Libya,2011,0
COL,Colombia,2011,43
NOR,Norway,2011,77
DEU,Germany,2011,2
IND,India,2011,484
NPL,Nepal,2011,16
YEM,Yemen,2011,461
BGR,Bulgaria,2011,0
IRN,Iran,2011,17
BTN,Bhutan,2011,0
IRL,Ireland,2011,1
LKA,Sri Lanka,2012,0
MMR,Myanmar,2012,15
BGD,Bangladesh,2012,8
USA,United States,2012,7
UGA,Uganda,2012,5
LBR,Liberia,2012,0
BHR,Bahrain,2012,4
CYP,Cyprus,2012,0
UKR,Ukraine,2012,1
COD,Democratic Republic of the Congo,2012,286
MDG,Madagascar,2012,0
SDN,Sudan,2012,57
SSD,South Sudan,2012,68
GEO,Georgia,2012,1
DEU,Germany,2012,0
MEX,Mexico,2012,17
ARG,Argentina,2012,0
BGR,Bulgaria,2012,8
MKD,Macedonia,2012,5
GRC,Greece,2012,0
SEN,Senegal,2012,13
SRB,Serbia,2012,1
COL,Colombia,2012,168
MLI,Mali,2012,5
KEN,Kenya,2012,97
GNB,Guinea-Bissau,2012,1
TUR,Turkey,2012,244
GBR,United Kingdom,2012,1
KAZ,Kazakhstan,2012,2
MDA,Moldova,2012,0
LBN,Lebanon,2012,9
SOM,Somalia,2012,772
MOZ,Mozambique,2012,1
TUN,Tunisia,2012,0
CHL,Chile,2012,0
VEN,Venezuela,2012,0
ISL,Iceland,2012,0
TJK,Tajikistan,2012,3
ZAF,South Africa,2012,5
IRQ,Iraq,2012,2657
JOR,Jordan,2012,1
PSE,West Bank and Gaza Strip,2012,12
THA,Thailand,2012,208
BEL,Belgium,2012,1
NPL,Nepal,2012,9
IRN,Iran,2012,12
IDN,Indonesia,2012,15
PRY,Paraguay,2012,1
PAK,Pakistan,2012,2777
XKX,Kosovo,2012,3
ESP,Spain,2012,0
CAN,Canada,2012,0
BLR,Belarus,2012,0
BOL,Bolivia,2012,0
BDI,Burundi,2012,6
IRL,Ireland,2012,0
ETH,Ethiopia,2012,25
CAF,Central African Republic,2012,14
PHL,Philippines,2012,203
PER,Peru,2012,10
IND,India,2012,264
SYR,Syria,2012,874
YEM,Yemen,2012,1051
BRA,Brazil,2012,1
CHN,China,2012,27
EGY,Egypt,2012,44
LBY,Libya,2012,32
RWA,Rwanda,2012,10
AFG,Afghanistan,2012,3474
MYS,Malaysia,2012,2
ITA,Italy,2012,0
FRA,France,2012,8
SAU,Saudi Arabia,2012,4
ISR,Israel,2012,14
CIV,Ivory Coast,2012,45
NER,Niger,2012,1
SWE,Sweden,2012,0
DZA,Algeria,2012,30
GTM,Guatemala,2012,2
NGA,Nigeria,2012,1475
ECU,Ecuador,2012,0
RUS,Russia,2012,161
DNK,Denmark,2013,0
IRL,Ireland,2013,0
ETH,Ethiopia,2013,16
ESP,Spain,2013,0
ECU,Ecuador,2013,1
DOM,Dominican Republic,2013,0
ITA,Italy,2013,0
IND,India,2013,465
USA,United States,2013,22
JOR,Jordan,2013,0
FRA,France,2013,0
YEM,Yemen,2013,622
GTM,Guatemala,2013,4
CYP,Cyprus,2013,0
LBN,Lebanon,2013,188
UKR,Ukraine,2013,1
DZA,Algeria,2013,101
GIN,Guinea,2013,0
ZAF,South Africa,2013,2
EGY,Egypt,2013,238
ARG,Argentina,2013,0
KEN,Kenya,2013,206
AFG,Afghanistan,2013,3658
IRQ,Iraq,2013,6924
GRC,Greece,2013,2
HND,Honduras,2013,5
GBR,United Kingdom,2013,4
HRV,Croatia,2013,0
KHM,Cambodia,2013,0
KAZ,Kazakhstan,2013,0
GEO,Georgia,2013,2
IRN,Iran,2013,39
ISR,Israel,2013,2
IDN,Indonesia,2013,23
ARM,Armenia,2013,0
CZE,Czech Republic,2013,1
XKX,Kosovo,2013,1
ARE,United Arab Emirates,2013,0
ZWE,Zimbabwe,2013,1
TZA,Tanzania,2013,8
SYR,Syria,2013,1542
MEX,Mexico,2013,47
TWN,Taiwan,2013,0
PRY,Paraguay,2013,12
MLI,Mali,2013,131
BLZ,Belize,2013,0
PHL,Philippines,2013,430
NER,Niger,2013,26
TUR,Turkey,2013,82
BRA,Brazil,2013,2
COG,Republic of the Congo,2013,2
MMR,Myanmar,2013,10
PER,Peru,2013,6
CAF,Central African Republic,2013,118
MNE,Montenegro,2013,0
BDI,Burundi,2013,5
CAN,Canada,2013,0
COD,Democratic Republic of the Congo,2013,150
TTO,Trinidad and Tobago,2013,0
CHN,China,2013,55
CIV,Ivory Coast,2013,3
LBY,Libya,2013,214
TUN,Tunisia,2013,25
CHL,Chile,2013,2
BIH,Bosnia-Herzegovina,2013,0
THA,Thailand,2013,242
CMR,Cameroon,2013,7
NPL,Nepal,2013,3
AUT,Austria,2013,0
CHE,Switzerland,2013,0
PAK,Pakistan,2013,2867
MOZ,Mozambique,2013,36
MYS,Malaysia,2013,2
PSE,West Bank and Gaza Strip,2013,12
NGA,Nigeria,2013,1995
AUS,Australia,2013,0
BHS,Bahamas,2013,0
SSD,South Sudan,2013,225
BGD,Bangladesh,2013,16
SAU,Saudi Arabia,2013,1
BHR,Bahrain,2013,3
RWA,Rwanda,2013,6
COL,Colombia,2013,134
SDN,Sudan,2013,220
BGR,Bulgaria,2013,0
LKA,Sri Lanka,2013,0
BFA,Burkina Faso,2013,1
RUS,Russia,2013,147
MDG,Madagascar,2013,0
SEN,Senegal,2013,7
SOM,Somalia,2013,643
MDV,Maldives,2013,0
NPL,Nepal,2014,0
NZL,New Zealand,2014,0
BGR,Bulgaria,2014,0
SSD,South Sudan,2014,906
SEN,Senegal,2014,0
IRN,Iran,2014,13
PSE,West Bank and Gaza Strip,2014,67
BGD,Bangladesh,2014,38
NLD,Netherlands,2014,0
PAK,Pakistan,2014,2401
CHL,Chile,2014,1
NIC,Nicaragua,2014,5
GEO,Georgia,2014,0
EGY,Egypt,2014,336
TJK,Tajikistan,2014,1
ISL,Iceland,2014,0
VEN,Venezuela,2014,1
GHA,Ghana,2014,0
TKM,Turkmenistan,2014,3
SOM,Somalia,2014,1578
CHN,China,2014,319
NGA,Nigeria,2014,7738
THA,Thailand,2014,188
XKX,Kosovo,2014,2
IRL,Ireland,2014,0
GBR,United Kingdom,2014,0
HND,Honduras,2014,0
SWE,Sweden,2014,0
ZAF,South Africa,2014,9
BIH,Bosnia-Herzegovina,2014,0
HUN,Hungary,2014,0
AFG,Afghanistan,2014,5345
RUS,Russia,2014,66
BEL,Belgium,2014,4
PRY,Paraguay,2014,6
IDN,Indonesia,2014,19
ETH,Ethiopia,2014,9
PHL,Philippines,2014,472
RWA,Rwanda,2014,1
SYR,Syria,2014,3277
SAU,Saudi Arabia,2014,20
YEM,Yemen,2014,1330
FRA,France,2014,1
BRA,Brazil,2014,2
BTN,Bhutan,2014,0
BHR,Bahrain,2014,9
PER,Peru,2014,4
IND,India,2014,489
CAF,Central African Republic,2014,739
BDI,Burundi,2014,4
SDN,Sudan,2014,537
ESP,Spain,2014,0
CAN,Canada,2014,7
GRC,Greece,2014,0
LBY,Libya,2014,686
IRQ,Iraq,2014,12931
NER,Niger,2014,11
JOR,Jordan,2014,1
USA,United States,2014,19
COD,Democratic Republic of the Congo,2014,365
DOM,Dominican Republic,2014,0
MMR,Myanmar,2014,15
JPN,Japan,2014,0
MLT,Malta,2014,0
DJI,Djibouti,2014,5
TUR,Turkey,2014,38
MLI,Mali,2014,121
KEN,Kenya,2014,314
MKD,Macedonia,2014,0
MEX,Mexico,2014,1
KGZ,Kyrgyzstan,2014,1
TZA,Tanzania,2014,4
DEU,Germany,2014,0
AUS,Australia,2014,4
COL,Colombia,2014,142
CZE,Czech Republic,2014,1
MDV,Maldives,2014,0
MDG,Madagascar,2014,1
LBN,Lebanon,2014,131
UKR,Ukraine,2014,1361
LKA,Sri Lanka,2014,3
UGA,Uganda,2014,98
LBR,Liberia,2014,0
CYP,Cyprus,2014,0
MOZ,Mozambique,2014,22
JAM,Jamaica,2014,0
ZWE,Zimbabwe,2014,0
MYS,Malaysia,2014,1
CIV,Ivory Coast,2014,4
ALB,Albania,2014,1
AZE,Azerbaijan,2014,0
ITA,Italy,2014,0
TUN,Tunisia,2014,42
ARE,United Arab Emirates,2014,1
DZA,Algeria,2014,37
ISR,Israel,2014,49
CMR,Cameroon,2014,773
KWT,Kuwait,2015,28
LAO,Laos,2015,0
CMR,Cameroon,2015,908
FRA,France,2015,161
VEN,Venezuela,2015,1
BHR,Bahrain,2015,5
CZE,Czech Republic,2015,0
SAU,Saudi Arabia,2015,213
ARM,Armenia,2015,0
RUS,Russia,2015,21
TJK,Tajikistan,2015,12
KOR,South Korea,2015,0
QAT,Qatar,2015,0
ZAF,South Africa,2015,2
AUS,Australia,2015,2
TZA,Tanzania,2015,10
SWE,Sweden,2015,4
BFA,Burkina Faso,2015,5
COL,Colombia,2015,103
MDV,Maldives,2015,0
GBR,United Kingdom,2015,1
ISR,Israel,2015,20
LBY,Libya,2015,679
TTO,Trinidad and Tobago,2015,0
SOM,Somalia,2015,1389
GIN,Guinea,2015,1
CYP,Cyprus,2015,0
GEO,Georgia,2015,0
ECU,Ecuador,2015,0
UGA,Uganda,2015,4
NGA,Nigeria,2015,5350
BGD,Bangladesh,2015,76
DZA,Algeria,2015,20
CHN,China,2015,123
SSD,South Sudan,2015,218
UKR,Ukraine,2015,764
BGR,Bulgaria,2015,0
SEN,Senegal,2015,0
LBN,Lebanon,2015,111
SDN,Sudan,2015,210
LSO,Lesotho,2015,1
GRC,Greece,2015,1
PSE,West Bank and Gaza Strip,2015,117
MAR,Morocco,2015,0
LKA,Sri Lanka,2015,3
DEU,Germany,2015,6
ARG,Argentina,2015,0
KGZ,Kyrgyzstan,2015,1
THA,Thailand,2015,116
PER,Peru,2015,6
DNK,Denmark,2015,2
TCD,Chad,2015,290
MMR,Myanmar,2015,58
IND,India,2015,387
EST,Estonia,2015,0
BDI,Burundi,2015,220
MNE,Montenegro,2015,0
COD,Democratic Republic of the Congo,2015,367
BRA,Brazil,2015,3
IRN,Iran,2015,38
USA,United States,2015,44
CAF,Central African Republic,2015,146
JOR,Jordan,2015,7
NLD,Netherlands,2015,0
CAN,Canada,2015,0
PAK,Pakistan,2015,1606
XKX,Kosovo,2015,0
MOZ,Mozambique,2015,12
UZB,Uzbekistan,2015,0
ITA,Italy,2015,0
IRL,Ireland,2015,0
CIV,Ivory Coast,2015,14
JPN,Japan,2015,0
SYR,Syria,2015,3909
IRQ,Iraq,2015,8826
NPL,Nepal,2015,0
HUN,Hungary,2015,0
FIN,Finland,2015,0
BIH,Bosnia-Herzegovina,2015,4
MEX,Mexico,2015,9
AFG,Afghanistan,2015,6188
ALB,Albania,2015,0
PRY,Paraguay,2015,11
MKD,Macedonia,2015,0
MLT,Malta,2015,0
KEN,Kenya,2015,270
IDN,Indonesia,2015,19
ETH,Ethiopia,2015,48
MYS,Malaysia,2015,1
NER,Niger,2015,666
PHL,Philippines,2015,444
TUR,Turkey,2015,490
TUN,Tunisia,2015,103
DJI,Djibouti,2015,0
YEM,Yemen,2015,2370
EGY,Egypt,2015,790
CHL,Chile,2015,0
MLI,Mali,2015,256
